# Dump of table Alert
# ------------------------------------------------------------

INSERT INTO `Alert` (`alert_id`, `alert_info`)
VALUES
(1,'Level 1: Green'),
(2,'Level 2: Yellow'),
(3,'Level 3: Orange'),
(4,'Level 4: Red');


# Dump of table City
# ------------------------------------------------------------

INSERT INTO `City` (`city_id`, `city`, `region_id`)
VALUES
(1,'Eastern Alberta (St. Paul)',1),
(2,'Wainwright Region (Tofield)',2),
(3,'Central Alberta (Stettler)',3),
(4,'Western Alberta (Jasper)',4),
(5,'North Central Alberta (Slave Lake)',5),
(6,'Northwestern Alberta (High Level)',6),
(7,'Southeastern Alberta (Drumheller)',7),
(8,'International Border Region (Cardston)',8),
(9,'Kananaskis Country (Claresholm)',9),
(10,'Central Foothills (Sundre)',10),
(11,'Northeastern Alberta (Fort Chipewyan)',11),
(12,'Remote Northeast (Fitzgerald)',12),
(13,'Medicine Hat Central',13),
(14,'Medicine Hat South',13),
(15,'Medicine Hat North',13),
(16,'Taber',14),
(17,'Lethbridge North',15),
(18,'Lethbridge West and Central',15),
(19,'Lethbridge Southeast',15),
(20,'Banff',16),
(21,'Coaldale',17),
(22,'Strathmore',18),
(23,'Brooks',19),
(24,'Okotoks',20),
(25,'High River',21),
(26,'Canmore',22),
(27,'Chestermere',23),
(28,'Calgary (Rundle / Whitehorn / Monterey Park)',24),
(29,'Rocky View',25),
(30,'Calgary (Penbrooke Meadows / Marlborough)',24),
(31,'Calgary (Forest Lawn / Dover / Erin Woods)',24),
(32,'Calgary (Lynnwood Ridge / Ogden / Foothills Industrial / Great Plains)',24),
(33,'Calgary (Bridgeland / Greenview / Zoo / YYC)',24),
(34,'Calgary (Inglewood / Burnsland / Chinatown / East Victoria Park / Saddledome)',24),
(35,'Calgary (Highfield / Burns Industrial)',24),
(36,'Calgary (Queensland Downs / Lake Bonavista / Willow Park / Acadia)',24),
(37,'Calgary (Thornecliffe / Tuxedo)',24),
(38,'Calgary (Brentwood / Collingwood / Nose Hill)',24),
(39,'Calgary (Mount Pleasant / Capitol Hill / Banff Trail)',24),
(40,'Calgary (Kensington / Westmont / Parkdale / University)',24),
(41,'Calgary (City Centre / Calgary Tower)',24),
(42,'Calgary (Connaught / West Victoria Park)',24),
(43,'Calgary (Elbow Park / Britannia / Parkhill / Mission)',24),
(44,'Calgary South (Altadore / Bankview / Richmond)',24),
(45,'Calgary (Oak Ridge / Haysboro / Kingsland / Windsor Park)',24),
(46,'Calgary (Braeside / Woodbine)',24),
(47,'Calgary (Midnapore / Sundance)',24),
(48,'Calgary (Millrise / Somerset / Bridlewood / Evergreen)',24),
(49,'Calgary (Douglas Glen / McKenzie Lake / Copperfield / East Shepard)',24),
(50,'Calgary (Dalhousie / Edgemont / Hamptons / Hidden Valley)',24),
(51,'Calgary (Montgomery / Bowness / Silver Springs / Greenwood)',24),
(52,'Calgary (Rosscarrock / Wildwood / Shaganappi / Sunalta)',24),
(53,'Calgary (Lakeview / Glendale / Killarney / Glamorgan)',24),
(54,'Calgary (Hawkwood / Arbour Lake / Royal Oak / Rocky Ridge)',24),
(55,'Calgary (Discovery Ridge / Signal Hill / Aspen Woods / Patterson / Cougar Ridge)',24),
(56,'Calgary (Martindale / Taradale / Falconridge / Saddle Ridge)',24),
(57,'Calgary (Sandstone / Harvest Hills / Coventry Hills / Panorama Hills / Beddington)',24),
(58,'Calgary (Tuscany / Scenic Acres)',24),
(59,'Calgary (Cranston)',24),
(60,'Calgary Northeast',24),
(61,'Calgary (Symons Valley)',24),
(62,'Calgary Northwest',24),
(63,'Calgary',24),
(64,'Redwood Meadows',26),
(65,'Airdrie East',27),
(66,'Airdrie West',27),
(67,'Cochrane',28),
(68,'Red Deer County',29),
(69,'Innisfail',30),
(70,'Olds',31),
(71,'Ponoka',32),
(72,'Lacombe',33),
(73,'Blackfalds',34),
(74,'Red Deer Central',29),
(75,'Red Deer North',29),
(76,'Red Deer South',29),
(77,'Sylvan Lake',35),
(78,'Rocky Mountain House',36),
(79,'Camrose',37),
(80,'Beaumont',38),
(81,'Edmonton (West Clareview / East Londonderry)',39),
(82,'Edmonton (East North Central / West Beverly)',39),
(83,'Edmonton (Central Londonderry)',39),
(84,'Edmonton (West Londonderry / East Calder)',39),
(85,'Edmonton (North Central / Queen Mary Park / YXD)',39),
(86,'Edmonton (North and East Downtown Fringe)',39),
(87,'Edmonton (North Downtown)',39),
(88,'Edmonton (South Downtown / South Downtown Fringe)',39),
(89,'Edmonton (North Westmount / West Calder / East Mistatim)',39),
(90,'Edmonton (South Westmount / Groat Estate / East Northwest Industrial)',39),
(91,'Edmonton (Glenora / SW Downtown Fringe)',39),
(92,'Edmonton (North Jasper Place)',39),
(93,'Edmonton (Central Jasper Place / Buena Vista)',39),
(94,'Edmonton (West Northwest Industrial / Winterburn)',39),
(95,'Edmonton West (West Jasper Place / West Edmonton Mall)',39),
(96,'Edmonton (Central Mistatim)',39),
(97,'Edmonton (Central Beverly)',39),
(98,'Edmonton (East Castledowns)',39),
(99,'Edmonton (Landbank / Oliver / East Lake District)',39),
(100,'Edmonton (West Lake District)',39),
(101,'Edmonton (North Capilano)',39),
(102,'Edmonton (SE Capilano / West Southeast Industrial / East Bonnie Doon)',39),
(103,'Edmonton (Central Bonnie Doon)',39),
(104,'Edmonton (South Bonnie Doon / East University)',39),
(105,'Edmonton (West University / Strathcona Place)',39),
(106,'Edmonton (Southgate / North Riverbend)',39),
(107,'Edmonton (Kaskitayo)',39),
(108,'Edmonton (West Mill Woods)',39),
(109,'Edmonton (East Mill Woods)',39),
(110,'Edmonton Southwest',39),
(111,'Edmonton (South Industrial)',39),
(112,'Edmonton (East Southeast Industrial / South Clover Bar)',39),
(113,'Edmonton (Riverbend)',39),
(114,'Edmonton (North Clover Bar)',39),
(115,'Edmonton (Meadows)',39),
(116,'Edmonton (West Castledowns)',39),
(117,'Edmonton (Heritage Valley)',39),
(118,'Edmonton (Ellerslie)',39),
(119,'Drayton Valley',40),
(120,'Edson',41),
(121,'Barrhead',42),
(122,'Westlock',43),
(123,'Whitecourt',44),
(124,'Hinton',45),
(125,'Spruce Grove North',46),
(126,'Spruce Grove South',46),
(127,'Stony Plain',47),
(128,'Sherwood Park West',48),
(129,'Sherwood Park Outer Southwest',48),
(130,'Sherwood Park Inner Southwest',48),
(131,'Sherwood Park Central',48),
(132,'Sherwood Park East',48),
(133,'Sherwood Park Northwest',48),
(134,'Fort Saskatchewan',49),
(135,'St. Albert',50),
(136,'Morinville',51),
(137,'Peace River',52),
(138,'Grande Prairie Central',53),
(139,'Grande Prairie South',53),
(140,'Grande Prairie East',53),
(141,'Wetaskiwin',54),
(142,'Vegreville',55),
(143,'Leduc',56),
(144,'Devon',57),
(145,'Fort McMurray Outer Central',58),
(146,'Fort McMurray Inner Central',58),
(147,'Fort McMurray Northwest',58),
(148,'Cold Lake',59),
(149,'Bonnyville',60),
(150,'Athabasca',61),
(151,'Lloydminster',62),
(152,'Lloydminster',784),
(153,'Wainwright',63),
(154,'Vermilion',64),
(155,'Vancouver (North Hastings-Sunrise)',65),
(156,'Vancouver (North Grandview-Woodlands)',65),
(157,'Vancouver (South Hastings-Sunrise / North Renfrew-Collingwood)',65),
(158,'Vancouver (South Grandview-Woodlands / NE Kensington)',65),
(159,'Vancouver (SE Kensington / Victoria-Fraserview)',65),
(160,'Vancouver (South Renfrew-Collingwood)',65),
(161,'Vancouver (Killarney)',65),
(162,'Vancouver (East Mount Pleasant)',65),
(163,'Vancouver (West Kensington / NE Riley Park-Little Mountain)',65),
(164,'Vancouver (SE Riley Park-Little Mountain / SW Kensington / NE Oakridge / North Sunset)',65),
(165,'Vancouver (SE Oakridge / East Marpole / South Sunset)',65),
(166,'Vancouver (West Mount Pleasant / West Riley Park-Little Mountain)',65),
(167,'Vancouver (East Fairview / South Cambie)',65),
(168,'Vancouver (Strathcona / Chinatown / Downtown Eastside)',65),
(169,'Vancouver (NE Downtown / Harbour Centre / Gastown / Yaletown)',65),
(170,'Vancouver (Waterfront / Coal Harbour / Canada Place)',65),
(171,'Vancouver (South West End)',65),
(172,'Vancouver (North West End / Stanley Park)',65),
(173,'Vancouver (West Fairview / Granville Island / NE Shaughnessy)',65),
(174,'Vancouver (NW Shaughnessy / East Kitsilano / Quilchena)',65),
(175,'Vancouver (Central Kitsilano)',65),
(176,'Vancouver (NW Arbutus Ridge)',65),
(177,'Vancouver (South Shaughnessy / NW Oakridge / NE Kerrisdale / SE Arbutus Ridge)',65),
(178,'Vancouver (Dunbar-Southlands / Musqueam)',65),
(179,'Vancouver (SE Kerrisdale / SW Oakridge / West Marpole)',65),
(180,'Vancouver (West Kitsilano / Jericho)',65),
(181,'Vancouver (Chaldecutt / South University Endowment Lands)',65),
(182,'Vancouver (UBC)',65),
(183,'Vancouver (SW Downtown)',65),
(184,'North Vancouver Outer East',65),
(185,'North Vancouver Inner East',65),
(186,'North Vancouver East Central',65),
(187,'North Vancouver North Central',65),
(188,'North Vancouver South Central',65),
(189,'North Vancouver Southwest Central',65),
(190,'North Vancouver Northwest Central',65),
(191,'North Vancouver Southwest',65),
(192,'North Vancouver Northwest',65),
(193,'West Vancouver North',65),
(194,'West Vancouver Southeast',65),
(195,'West Vancouver South',65),
(196,'West Vancouver West',65),
(197,'Vancouver (Bentall Centre)',65),
(198,'Vancouver (Pacific Centre)',65),
(199,'Upper Columbia Region (Golden)',66),
(200,'East Kootenays (Fernie)',67),
(201,'Northern British Columbia (Fort Nelson)',68),
(202,'Central Okanagan and High Country (Revelstoke)',69),
(203,'West Kootenays (Rossland)',70),
(204,'South Okanagan (Summerland)',71),
(205,'Omineca and Yellowhead (Smithers)',72),
(206,'Cariboo and West Okanagan (100 Mile House)',73),
(207,'Chilcotin (Alexis Creek)',74),
(208,'Harrison Lake Region (Agassiz)',75),
(209,'North Island, Sunshine Coast, and Southern Gulf Islands (Whistler)',76),
(210,'North Central Island and Bute Inlet Region (Gold River)',77),
(211,'Central Island (Chemainus)',78),
(212,'Juan de Fuca Shore (Sooke)',79),
(213,'Inside Passage and the Queen Charlottes (Queen Charlotte City)',80),
(214,'Lower Skeena (Port Edward)',81),
(215,'Atlin Region (Atlin)',82),
(216,'Similkameen (Hope)',83),
(217,'Kimberley',84),
(218,'Vernon East',85),
(219,'Cranbrook',86),
(220,'Salmon Arm',87),
(221,'Dawson Creek',88),
(222,'Vernon West',85),
(223,'Fort St. John',89),
(224,'Merritt',90),
(225,'Nelson',91),
(226,'Langley Township North',92),
(227,'Castlegar',93),
(228,'Kelowna East',94),
(229,'Trail',95),
(230,'Kamloops Southwest',96),
(231,'Vernon Central',85),
(232,'Kelowna North',94),
(233,'Kelowna Southwest',94),
(234,'Kelowna East Central',94),
(235,'Kelowna Central',94),
(236,'Kelowna West',94),
(237,'Penticton',97),
(238,'Kamloops Northwest',98),
(239,'Kamloops Central and Southeast',98),
(240,'Kamloops South and West',98),
(241,'Williams Lake',99),
(242,'Kamloops North',98),
(243,'Quesnel',100),
(244,'Prince George North',101),
(245,'Prince George East Central',101),
(246,'Prince George West Central',101),
(247,'Prince George South',101),
(248,'Chilliwack Central',102),
(249,'Chilliwack West',102),
(250,'Abbotsford Southeast',103),
(251,'Abbotsford Southwest',103),
(252,'Mission East',104),
(253,'Maple Ridge East',105),
(254,'Maple Ridge West',105),
(255,'Langley Township Northwest',106),
(256,'Langley Township Southwest',106),
(257,'Langley City',107),
(258,'Port Coquitlam Central',108),
(259,'Port Coquitlam South',108),
(260,'Port Coquitlam North',108),
(261,'Abbotsford East',109),
(262,'Port Moody',110),
(263,'Coquitlam North',111),
(264,'Coquitlam South',111),
(265,'New Westminster Northeast',112),
(266,'New Westminster Southwest (Includes Annacis Island)',112),
(267,'Burnaby (East Big Bend / Stride Avenue / Edmonds / Cariboo-Armstrong)',113),
(268,'Surrey North',114),
(269,'Surrey East',114),
(270,'Surrey Inner Northwest',114),
(271,'Surrey Outer Northwest',114),
(272,'Surrey Upper West',114),
(273,'Surrey Lower West',114),
(274,'Pitt Meadows',115),
(275,'Surrey',114),
(276,'Surrey Southwest',114),
(277,'White Rock',116),
(278,'Delta Northeast',117),
(279,'Delta East',117),
(280,'Delta East Central',117),
(281,'Delta Central',117),
(282,'Delta Southeast',117),
(283,'Delta Southwest',117),
(284,'Surrey Northeast',114),
(285,'Surrey South',114),
(286,'Maple Ridge Northwest',118),
(287,'Mission West',119),
(288,'Westbank',120),
(289,'Winfield',121),
(290,'Langley Township East',122),
(291,'Abbotsford West',123),
(292,'Chilliwack East',124),
(293,'Burnaby (Government Road / Lake City / SFU / Burnaby Mountain)',125),
(294,'Burnaby (Parkcrest-Aubrey / Ardingley-Sprott)',125),
(295,'Burnaby (Burnaby Heights / Willingdon Heights / West Central Valley)',125),
(296,'Burnaby (Lakeview-Mayfield / Richmond Park / Kingsway-Beresford)',125),
(297,'Burnaby (Cascade-Schou / Douglas-Gilpin)',125),
(298,'Burnaby (Maywood / Marlborough / Oakalla / Windsor)',125),
(299,'Burnaby (Suncrest / Sussex-Nelson / Clinton-Glenwood / West Big Bend)',125),
(300,'Richmond Northeast',126),
(301,'Richmond Southeast',126),
(302,'Richmond North',126),
(303,'Richmond Central',126),
(304,'Richmond South',126),
(305,'Richmond (Sea Island / YVR)',126),
(306,'Richmond West',126),
(307,'Richmond Southwest',126),
(308,'Powell River',127),
(309,'Squamish',128),
(310,'Kitimat',129),
(311,'Terrace',130),
(312,'Prince Rupert',131),
(313,'Saltspring Island',132),
(314,'Sidney',133),
(315,'Central Saanich',134),
(316,'Saanich East',135),
(317,'Saanich Southeast',135),
(318,'Oak Bay North',136),
(319,'Oak Bay South',136),
(320,'Victoria North',137),
(321,'Victoria South',137),
(322,'Victoria Central British Columbia Provincial Government',137),
(323,'Saanich South',135),
(324,'Saanich North',135),
(325,'Saanich Central',135),
(326,'Esquimalt',138),
(327,'Highlands',139),
(328,'Metchosin',140),
(329,'Saanich West',141),
(330,'Ladysmith',142),
(331,'Campbell River Outskirts',143),
(332,'Courtenay Northern Outskirts',144),
(333,'Qualicum Beach',145),
(334,'Duncan',146),
(335,'Comox',147),
(336,'Courtenay Central',144),
(337,'Parksville',148),
(338,'Nanaimo South',149),
(339,'Nanaimo Central',149),
(340,'Nanaimo North',149),
(341,'Nanaimo Northwest',149),
(342,'Campbell River Central',143),
(343,'Cedar',150),
(344,'Port Alberni',151),
(345,'Sooke',152),
(346,'Southeastern Manitoba (Lorette)',153),
(347,'Northern Manitoba (Norway House)',154),
(348,'North Interlake (Stonewall)',155),
(349,'Eastern Manitoba (Beausejour)',156),
(350,'South Central Manitoba (Altona)',157),
(351,'South Interlake (MacGregor)',157),
(352,'Riding Mountain (Neepawa)',158),
(353,'Brandon Region (Killarney)',159),
(354,'Western Manitoba (Swan River)',160),
(355,'Southwestern Manitoba (Virden)',161),
(356,'Selkirk',162),
(357,'Lockport',163),
(358,'Narol',164),
(359,'Portage la Prairie',165),
(360,'Winnipeg (Transcona)',166),
(361,'East St. Paul',167),
(362,'Winnipeg (River East North)',166),
(363,'Winnipeg (St. Boniface NW)',166),
(364,'Winnipeg (St. Boniface NE)',166),
(365,'Winnipeg (River East Central)',166),
(366,'Winnipeg (River East South)',166),
(367,'Winnipeg (St. Vital North)',166),
(368,'Winnipeg (St. Vital SW)',166),
(369,'Winnipeg (Seven Oaks West)',166),
(370,'Winnipeg (Inkster West)',166),
(371,'Winnipeg (Seven Oaks East)',166),
(372,'Winnipeg (Point Douglas East)',166),
(373,'Winnipeg (Point Douglas West / Inkster East)',166),
(374,'Winnipeg (St. James-Assiniboia NW)',166),
(375,'Winnipeg (Centennial)',166),
(376,'Winnipeg (Chinatown / Civic Centre / Exchange District)',166),
(377,'Winnipeg (Broadway / The Forks / Portage and Main) Manitoba Provincial Government',166),
(378,'Winnipeg (Sargent Park / Daniel McIntyre / Inkster SE)',166),
(379,'Winnipeg (Minto / St. Mathews / Wolseley)',166),
(380,'Winnipeg (St. James-Assiniboia NE / YWG)',166),
(381,'Winnipeg (St. James-Assiniboia SE)',166),
(382,'Winnipeg (St. James-Assiniboia SW)',166),
(383,'Winnipeg (River Heights East)',166),
(384,'Winnipeg (River Heights Central)',166),
(385,'Winnipeg (River Heights West)',166),
(386,'Winnipeg (Fort Garry NW / Tuxedo)',166),
(387,'Winnipeg (Assiniboine South / Betsworth)',166),
(388,'Winnipeg (Wilkes South)',166),
(389,'Winnipeg (Fort Garry NE / University of Manitoba)',166),
(390,'Winnipeg (Fort Garry South)',166),
(391,'Winnipeg (Grassie / Pequis)',166),
(392,'Winnipeg (St. Boniface South / St. Vital SE)',166),
(393,'Winnipeg (Fort Garry West)',166),
(394,'West St. Paul',168),
(395,'Oak Bluff',169),
(396,'Headingley East',170),
(397,'Headingley West',170),
(398,'Cartier',171),
(399,'St. Francois Xavier',172),
(400,'St. Adolphe',173),
(401,'Steinbach',174),
(402,'Ste. Anne',175),
(403,'Morden',176),
(404,'Winkler',177),
(405,'Brandon Southeast',178),
(406,'Brandon Southwest',178),
(407,'Brandon North',178),
(408,'Dauphin',179),
(409,'Flin Flon',180),
(410,'Thompson',181),
(411,'The Pas',182),
(412,'Dieppe Moncton East',183),
(413,'Riverview',184),
(414,'Moncton Central',185),
(415,'Moncton West',185),
(416,'Moncton Northwest',185),
(417,'Lakeville, Shediac Bridge',186),
(418,'Coverdale',187),
(419,'Miramichi South',188),
(420,'Miramichi North',188),
(421,'Caraquet',189),
(422,'Tracadie-Sheila',190),
(423,'Bathurst',191),
(424,'Rothesay, Quispamsis',192),
(425,'Quispamsis',193),
(426,'Saint John Northeast, Renforth',194),
(427,'Saint John East',194),
(428,'Saint John North',194),
(429,'Saint John Central',194),
(430,'Saint John West',194),
(431,'Saint John Lakewood',194),
(432,'Saint John Red Head',194),
(433,'Saint John Grandview',194),
(434,'Saint John Loch Lomond',194),
(435,'Oromocto',195),
(436,'Fredericton North',196),
(437,'Fredericton South New Brunswick Provincial Government',196),
(438,'Fredericton Southwest, New Maryland',196),
(439,'Kingsclear',197),
(440,'Fredericton',196),
(441,'St. Stephen',198),
(442,'Campbellton',199),
(443,'Edmundston',200),
(444,'Grand Falls Northeast',201),
(445,'Grand Falls Northeast',299),
(446,'Grand Falls Central',201),
(447,'Grand Falls Central',299),
(448,'Minto',202),
(449,'Youngs Cove',203),
(450,'Sussex',204),
(451,'Smiths Creek',205),
(452,'Hillsborough',206),
(453,'Salisbury',207),
(454,'Dorchester',208),
(455,'Sackville',209),
(456,'Bayfield',210),
(457,'Cap-Pelé',211),
(458,'Shediac',212),
(459,'Cocagne',213),
(460,'Bouctouche',214),
(461,'Bass River',215),
(462,'Saint-Antoine',216),
(463,'Richibucto',217),
(464,'St-Louis-de-Kent',218),
(465,'Rogersville',219),
(466,'Petitcodiac',220),
(467,'Moores Mills',221),
(468,'St. Andrews',222),
(469,'St. George',223),
(470,'Campobello Island',224),
(471,'Grand Manan Island',225),
(472,'Pennfield',226),
(473,'Lepreau',227),
(474,'Grand Bay-Westfield',225),
(475,'Fredericton Junction',228),
(476,'Gagetown',229),
(477,'Hampton',230),
(478,'Apohaqui',231),
(479,'St. Martins',232),
(480,'Kingston',233),
(481,'Kingston',403),
(482,'Norton',234),
(483,'Deer Island',235),
(484,'Boiestown',236),
(485,'Stanley',237),
(486,'Durham Bridge',238),
(487,'Millville',239),
(488,'Nackawic',240),
(489,'Canterbury',241),
(490,'McAdam',242),
(491,'Harvey',243),
(492,'Burtts Corner',244),
(493,'Baker Brook',245),
(494,'Saint-Jacques',246),
(495,'Saint-Basile',247),
(496,'Saint-Leonard',248),
(497,'Saint-Leonard',660),
(498,'Plaster Rock',249),
(499,'Perth-Andover',250),
(500,'Bath',251),
(501,'Centreville',252),
(502,'Florenceville',253),
(503,'Woodstock',254),
(504,'Woodstock',523),
(505,'Debec',255),
(506,'Hartland',256),
(507,'Saint-Quentin',257),
(508,'Kedgwick',258),
(509,'Dalhousie',259),
(510,'Balmoral',260),
(511,'Belledune',261),
(512,'Petit-Rocher',262),
(513,'Beresford',263),
(514,'Allardville',264),
(515,'Saint-Isidore',265),
(516,'Grande-Anse',266),
(517,'Inkerman',267),
(518,'Paquetville',268),
(519,'Shippagan',269),
(520,'Lamèque',270),
(521,'Baie-Sainte-Anne',271),
(522,'Blackville',272),
(523,'Doaktown',273),
(524,'Red Bank',274),
(525,'Neguac',275),
(526,'Brantville',276),
(527,'Southeastern Avalon Peninsula (Ferryland)',277),
(528,'Western Avalon Peninsula (Argentia)',278),
(529,'Bonavista Peninsula (Bonavista)',279),
(530,'Burin Peninsula (Marystown)',280),
(531,'Northeast Newfoundland (Lewisporte)',281),
(532,'Central Newfoundland (Bishops Falls)',282),
(533,'Northern Newfoundland (Springdale)',283),
(534,'Northwest Newfoundland/Eastern Labrador (Mary\'s Harbour)',284),
	(535,'Western Newfoundland (Lark Harbour)',278),
	(536,'Southwestern Newfoundland (Channel-Port aux Basques)',285),
	(537,'Port au Port Peninsula region (St. George\'s)',286),
	(538,'Central Labrador (Happy Valley-Goose Bay)',287),
	(539,'North/Western Labrador (Churchill Falls)',288),
	(540,'St. John\'s North',289),
	(541,'St. John\'s Northwest Newfoundland & Labrador Provincial Government',289),
	(542,'St. John\'s North Central',289),
	(543,'St. John\'s Central',289),
	(544,'St. John\'s South',289),
	(545,'St. John\'s Southwest',289),
	(546,'Torbay',290),
	(547,'Paradise',291),
	(548,'Portugal Cove-St. Philips',292),
	(549,'Mount Pearl',293),
	(550,'Goulds',294),
	(551,'Gander',295),
	(552,'Manuels',296),
	(553,'Conception Bay',297),
	(554,'Carbonear',298),
	(555,'Grand Falls',201),
	(556,'Grand Falls',299),
	(557,'Windsor',300),
	(558,'Windsor',541),
	(559,'Corner Brook',301),
	(560,'Stephenville',302),
	(561,'Labrador City',303),
	(562,'Clarenville',304),
	(563,'Deer Lake',305),
	(564,'North Victoria County (Dingwall)',306),
	(565,'West Cape Breton Island (Baddeck)',307),
	(566,'Canso region (Havre Boucher)',308),
	(567,'Mainland east shore (Lunenburg)',309),
	(568,'Southern Northumberland Strait (Pictou)',310),
	(569,'Isthmus of Chignecto (River Hébert)',311),
	(570,'Cobequid Bay north shore (Springhill)',312),
	(571,'Hants County (Shubenacadie)',313),
	(572,'Kings County (Kingston)',314),
	(573,'West Lunenburg County (New Germany)',315),
	(574,'West Annapolis County (Middleton)',316),
	(575,'Queens County (Shelburne)',317),
	(576,'Digby Neck (Digby)',318),
	(577,'Southwest Mainland (Weymouth)',319),
	(578,'Glace Bay',320),
	(579,'Port Morien',321),
	(580,'Louisbourg',322),
	(581,'Reserve Mines',323),
	(582,'Dominion',324),
	(583,'New Waterford',325),
	(584,'East Bay',326),
	(585,'Marion Bridge',327),
	(586,'Sydney Southwest',328),
	(587,'Sydney East',328),
	(588,'Sydney North',328),
	(589,'Sydney North Central',328),
	(590,'Sydney West',328),
	(591,'Sydney Central',328),
	(592,'Christmas Island',329),
	(593,'North Sydney North',330),
	(594,'Eskasoni',331),
	(595,'Big Bras d\'Or',332),
	(596,'Alder Point',333),
	(597,'North Sydney South Central',334),
	(598,'Iona',335),
	(599,'Loch Lomond',336),
	(600,'Antigonish',337),
	(601,'New Glasgow',338),
	(602,'Fourchu',339),
	(603,'Truro',340),
	(604,'Waverley',341),
	(605,'Lantz',342),
	(606,'Enfield',343),
	(607,'Dartmouth Morris Lake',344),
	(608,'Dartmouth East Central',344),
	(609,'Dartmouth North Central',344),
	(610,'Dartmouth South Central',344),
	(611,'Dartmouth East',344),
	(612,'Dartmouth Southwest',344),
	(613,'Dartmouth Northwest',344),
	(614,'Porters Lake',345),
	(615,'Eastern Passage',346),
	(616,'Halifax Lower Harbour',347),
	(617,'Halifax Mid-Harbour Nova Scotia Provincial Government',347),
	(618,'Halifax Upper Harbour',347),
	(619,'Halifax Central',347),
	(620,'Halifax Bedford Basin',347),
	(621,'Halifax South Central',347),
	(622,'Halifax North West Arm',347),
	(623,'Halifax South',347),
	(624,'Halifax West',347),
	(625,'Lakeside',348),
	(626,'Harrietsfield',349),
	(627,'Tantallon',350),
	(628,'Bedford Southeast',351),
	(629,'Bedford Northwest',351),
	(630,'Lower Sackville South',352),
	(631,'Lower Sackville West',352),
	(632,'Lower Sackville North',352),
	(633,'Amherst',353),
	(634,'Kentville',354),
	(635,'Wolfville',355),
	(636,'Coldbrook',356),
	(637,'Bridgewater',357),
	(638,'Yarmouth',358),
	(639,'Port Hawkesbury',359),
	(640,'Central Northwest Territories (Inuvik)',360),
	(641,'Southwestern Northwest Territories (Fort Liard)',361),
	(642,'Yellowknife',362),
	(643,'Outer Nunavut (Iqaluit)',363),
	(644,'Central Nunavut (Cambridge Bay)',364),
	(645,'Inner Nunavut (Rankin Inlet)',365),
	(646,'Algoma Southwest (Blind River)',366),
	(647,'Brantford Northeast',367),
	(648,'Brantford Central',367),
	(649,'Brantford Southeast',367),
	(650,'Brantford Southwest',367),
	(651,'Brantford Northwest',367),
	(652,'Dufferin County (Shelburne)',368),
	(653,'Frontenac County, Addington County, Loyalist Shores and Southwest Leeds (Inverary)',369),
	(654,'Halton Regional Municipality (Campbellville)',370),
	(655,'Milton',370),
	(656,'Hamilton (Confederation Park / Nashdale / East Kentley / Riverdale / Lakely / Grayside / North Stoney Creek)',371),
	(657,'Hamilton (Greenford / North Gershome / West Stoney Creek)',371),
	(658,'Hamilton (West Kentley / McQuesten / Parkview / Hamilton Beach / East Industrial Sector / Normanhurst / Homeside / East Crown Point)',371),
	(659,'Hamilton (East Albion Falls / South Stoney Creek)',371),
	(660,'Hamilton (East Delta / Bartonville / Glenview / Rosedale / Lower King\'s Forest / Red Hill / Corman / Vincent / South Gershome)',371),
	(661,'Hamilton (West Industrial Sector / West Crown Point / North Stipley / North Gibson / Landsdale / Keith / North End / Beasley)',371),
	(662,'Hamilton (West Delta / Blakeley / South Stipley / South Gibson / St. Clair)',371),
	(663,'Hamilton (Stinson / Corktown)',371),
	(664,'Hamilton (Durand / Kirkendall / Chedoke Park)',371),
	(665,'Hamilton (Central / Strathcona / South Dundurn)',371),
	(666,'Hamilton (Westdale / Cootes Paradise / Ainslie Wood)',371),
	(667,'Hamilton (Sherwood / Huntington / Upper King\'s Forest / Lisgar / Berrisfield / Hampton Heights / Sunninghill)',371),
	(668,'Hamilton (Raleigh / Macassa / Lawfield / Thorner / Burkholme / Eastmount)',371),
	(669,'Hamilton (West Albion Falls / Hannon / Rymal / Trenholme / Quinndale / Templemead / Broughton / Eleanor / Randall / Rushdale / Butler / East Chappel)',371),
	(670,'Hamilton (Crerar / Bruleville / Hill Park / Inch Park / Centremount / Balfour / Greeningdon / Jerome)',371),
	(671,'Hamilton (Barnstown / West Chappel / Allison / Ryckmans / Mewburn / Sheldon / Falkirk / Carpenter / Kennedy / Southwest Outskirts)',371),
	(672,'Hamilton (Southam / Bonnington / Yeoville / Kernighan / Gourley / Rolston / Buchanan / Mohawk / Westcliffe / Gilbert / Gilkson / Gurnett / Fessenden / Mountview)',371),
	(673,'Peterborough County and North Hastings County (Lakefield)',372),
	(674,'Renfrew County and Lanark Highlands Township (Deep River)',373),
	(675,'Downsview East (CFB Toronto)',374),
	(676,'East Toronto (The Beaches)',374),
	(677,'East Toronto (The Danforth East)',374),
	(678,'East Toronto (The Danforth West / Riverdale)',374),
	(679,'East Toronto (India Bazaar / The Beaches West)',374),
	(680,'East Toronto (Studio District)',374),
	(681,'Central Toronto (Lawrence Park East)',374),
	(682,'Central Toronto (Davisville North)',374),
	(683,'Central Toronto (North Toronto West)',374),
	(684,'Central Toronto (Davisville)',374),
	(685,'Central Toronto (Moore Park / Summerhill East)',374),
	(686,'Central Toronto (Summerhill West / Rathnelly / South Hill / Forest Hill SE / Deer Park)',374),
	(687,'Downtown Toronto (Rosedale)',374),
	(688,'Downtown Toronto (St. James Town / Cabbagetown)',374),
	(689,'Downtown Toronto (Church and Wellesley)',374),
	(690,'Downtown Toronto (Regent Park / Port of Toronto)',374),
	(691,'Downtown Toronto (Ryerson)',374),
	(692,'Downtown Toronto (St. James Park)',374),
	(693,'Downtown Toronto (Berczy Park)',374),
	(694,'Downtown Toronto (Central Bay Street)',374),
	(695,'Downtown Toronto (Richmond / Adelaide / King)',374),
	(696,'Downtown Toronto (Harbourfront East / Union Station / Toronto Island)',374),
	(697,'Downtown Toronto (Toronto Dominion Centre / Design Exchange)',374),
	(698,'Downtown Toronto (Commerce Court / Victoria Hotel)',374),
	(699,'Central Toronto (Roselawn)',374),
	(700,'Central Toronto (Forest Hill North & West)',374),
	(701,'Central Toronto (The Annex / North Midtown / Yorkville)',374),
	(702,'Downtown Toronto (University of Toronto / Harbord)',374),
	(703,'Downtown Toronto (Kensington Market / Chinatown / Grange Park)',374),
	(704,'Downtown Toronto (CN Tower / King and Spadina / Railway Lands / Harbourfront West / Bathurst Quay / South Niagara / YTZ)',374),
	(705,'Downtown Toronto Stn A PO Boxes 25 The Esplanade (Enclave of M5E)',374),
	(706,'Downtown Toronto (Underground city)',374),
	(707,'Downtown Toronto (Christie)',374),
	(708,'West Toronto (Dufferin / Dovercourt Village)',374),
	(709,'West Toronto (Rua Aþores / Trinity)',374),
	(710,'West Toronto (Brockton / Parkdale Village / Exhibition Place)',374),
	(711,'West Toronto (High Park / The Junction South)',374),
	(712,'West Toronto (Parkdale / Roncesvalles Village)',374),
	(713,'West Toronto (Bloor West Village / Swansea)',374),
	(714,'East Toronto Business Reply Mail Processing Centre 969 Eastern (Enclave of M4L)',374),
	(715,'Etobicoke (New Toronto / Mimico South / Humber Bay Shores)',374),
	(716,'Government of Canada Ottawa and Gatineau offices',375),
	(717,'Ottawa (Riverview / Hawthorne)',375),
	(718,'Ottawa (Alta Vista)',375),
	(719,'Ottawa (Overbrook)',375),
	(720,'Ottawa (Vanier)',375),
	(721,'Ottawa (Rockcliffe Park / New Edinburgh)',375),
	(722,'Ottawa (Lower Town / Sandy Hill / University of Ottawa)',375),
	(723,'Ottawa (Parliament Hill)',375),
	(724,'Ottawa (West Downtown area)',375),
	(725,'Ottawa (The Glebe / Ottawa South / Ottawa East)',375),
	(726,'Ottawa (Riverside Park / Hunt Club West / Riverside South / YOW)',375),
	(727,'Ottawa West',375),
	(728,'Ottawa (Westboro)',375),
	(729,'Ottawa (Highland Park / Carlingwood)',375),
	(730,'Ottawa (Britannia / Pinecrest)',375),
	(731,'Ottawa (Queensway / Copeland / Carlington / Carleton Heights)',375),
	(732,'Ottawa (Centre Town)',375),
	(733,'National Capital Region (Almonte)',376),
	(734,'Prescott and Russell United Counties (Alfred)',377),
	(735,'Stormont, Dundas and Glengarry United Counties (Alexandria)',378),
	(736,'South Leeds and Grenville United Counties (Prescott)',379),
	(737,'Rideau Lakes area (Kemptville)',380),
	(738,'Quinte Shores, East Northumberland County & Prince Edward County (Picton)',381),
	(739,'Kawartha lakes and Haliburton County (Bobcaygeon)',382),
	(740,'Gloucester (Blackburn Hamlet / Pine View)',383),
	(741,'Gloucester (West Orleans)',383),
	(742,'Orleans (Queenswood)',384),
	(743,'Gloucester (Beacon Hill / Cyrville)',383),
	(744,'Gloucester (Blossom Park / Hunt Club East / Leitrim)',383),
	(745,'Gloucester (South Orleans)',383),
	(746,'Gloucester South',383),
	(747,'Nepean East',385),
	(748,'Nepean (Davidson Heights)',385),
	(749,'Nepean (Bells Corners)',385),
	(750,'Nepean (Barrhaven)',385),
	(751,'Kanata (Beaverbrook / South March)',386),
	(752,'Kanata (Katimavik-Hazeldean / Glen Cairn)',386),
	(753,'Kanata (Bridlewood)',386),
	(754,'Nepean (Fallowfield Village / Cedarhill Estates / Orchard Estates)',385),
	(755,'Stittsville',387),
	(756,'Kanata (Marchwood)',386),
	(757,'Kanata (Terry Fox / Palladium)',386),
	(758,'Kanata (North March)',386),
	(759,'Orleans (Fallingbrook)',388),
	(760,'Cumberland Township',389),
	(761,'Cumberland',390),
	(762,'Rockland',391),
	(763,'Manotick',392),
	(764,'Greely',393),
	(765,'Russell',394),
	(766,'Hawkesbury',395),
	(767,'Cornwall East',396),
	(768,'Cornwall West',396),
	(769,'Cornwall North',396),
	(770,'Elizabethtown',397),
	(771,'Brockville',398),
	(772,'Smiths Falls',399),
	(773,'Carleton Place',400),
	(774,'Gananoque',401),
	(775,'Perth',402),
	(776,'Kingston (SW Pittsburgh Township)',233),
	(777,'Kingston (SW Pittsburgh Township)',403),
	(778,'Kingston (Downtown)',233),
	(779,'Kingston (Downtown)',403),
	(780,'Kingston (Reddendale / Cataraqui / Collins Bay)',233),
	(781,'Kingston (Reddendale / Cataraqui / Collins Bay)',403),
	(782,'Amherstview',404),
	(783,'Kingston (Westbrook / Cataraqui Woods / Cedarwood)',233),
	(784,'Kingston (Westbrook / Cataraqui Woods / Cedarwood)',403),
	(785,'Napanee',405),
	(786,'Arnprior',406),
	(787,'Renfrew',407),
	(788,'Pembroke Central and northern subdivisions',408),
	(789,'Pembroke (Pleasant View / Fairview)',408),
	(790,'Petawawa',409),
	(791,'Belleville East',410),
	(792,'Belleville West',410),
	(793,'Belleville (SE Sidney Township / Avondale)',410),
	(794,'Trenton',411),
	(795,'Cobourg',412),
	(796,'Peterborough North',413),
	(797,'Peterborough South',413),
	(798,'Peterborough (Fairbairn Meadows / Jackson Heights)',413),
	(799,'Peterborough (Terra View Heights / Woodland Acres / Donwood)',413),
	(800,'Lindsay',414),
	(801,'West Northumberland County (Millbrook)',415),
	(802,'East Durham Regional Municipality (Orono)',416),
	(803,'West Durham Regional Municipality (Sunderland)',417),
	(804,'Lake Simcoe Southeast Shore (Sutton West)',418),
	(805,'Ontario Centre (Queensville)',419),
	(806,'Whitby Region (Gormley)',420),
	(807,'North Peel Regional Municipality (Kleinburg)',421),
	(808,'Lake Simcoe North Shore (Coldwater)',418),
	(809,'Lake Simcoe West Shore (Oro)',418),
	(810,'Georgian Bay South Shore (Angus)',422),
	(811,'East Haldimand County (Waterdown)',423),
	(812,'Niagara Regional Municipality (Fonthill)',424),
	(813,'Westminster Abbey',425),
	(814,'Port Hope',426),
	(815,'Bowmanville East',427),
	(816,'Bowmanville West',427),
	(817,'Courtice',428),
	(818,'Oshawa Central',429),
	(819,'Oshawa Southeast',429),
	(820,'Oshawa Southwest',429),
	(821,'Oshawa East',429),
	(822,'Oshawa North',429),
	(823,'Whitby North',430),
	(824,'Whitby Southeast',430),
	(825,'Whitby Southwest',430),
	(826,'Whitby Central',430),
	(827,'Ajax Southwest',431),
	(828,'Ajax Northwest',431),
	(829,'Pickering Southwest',432),
	(830,'Pickering South',432),
	(831,'Pickering Central',432),
	(832,'Pickering North',432),
	(833,'Ajax East',431),
	(834,'Fort Erie',433),
	(835,'Niagara Falls Central',434),
	(836,'Niagara Falls Southeast',434),
	(837,'Niagara Falls West',434),
	(838,'Niagara Falls North',434),
	(839,'St. Catharines Northeast',435),
	(840,'St. Catharines Northwest',435),
	(841,'St. Catharines East',435),
	(842,'St. Catharines Central',435),
	(843,'St. Catharines Southwest',435),
	(844,'St. Catharines South',435),
	(845,'St. Catharines Southeast',435),
	(846,'St. Catharines West',435),
	(847,'Welland East',436),
	(848,'Welland West',436),
	(849,'Port Colborne',437),
	(850,'Grimsby',438),
	(851,'Markham Central',439),
	(852,'Markham Outer Southwest',439),
	(853,'Markham Southeast',439),
	(854,'Thornhill East',440),
	(855,'Orillia',441),
	(856,'Newmarket Southwest',442),
	(857,'Newmarket Northeast',442),
	(858,'Bradford',443),
	(859,'Stouffville',444),
	(860,'Richmond Hill Southeast',445),
	(861,'Richmond Hill Southwest',445),
	(862,'Richmond Hill North',445),
	(863,'Aurora',446),
	(864,'Woodbridge North',447),
	(865,'Thornhill West',448),
	(866,'Concord',449),
	(867,'Woodbridge South',447),
	(868,'Barrie North',450),
	(869,'Barrie South',450),
	(870,'Keswick',451),
	(871,'Midland',452),
	(872,'Richmond Hill Central',445),
	(873,'Mississauga (Malton)',453),
	(874,'Mississauga (Wildwood)',453),
	(875,'Mississauga (Matheson / East Rathwood)',453),
	(876,'Mississauga (East Applewood / East Dixie / NE Lakeview)',453),
	(877,'Mississauga (West Applewood / West Dixie / NW Lakeview)',453),
	(878,'Mississauga (West Rathwood / East Hurontario / SE Gateway)',453),
	(879,'Mississauga (Mississauga Valleys / East Cooksville)',453),
	(880,'Mississauga (West Cooksville / Fairview / City Centre / East Creditview)',453),
	(881,'Mississauga (West Creditview / Mavis / Erindale)',453),
	(882,'Mississauga (Central Lakeview)',453),
	(883,'Mississauga (SW Lakeview / Mineola / East Port Credit)',453),
	(884,'Mississauga (West Port Credit / Lorne Park / East Sheridan)',453),
	(885,'Mississauga (Clarkson / Southdown)',453),
	(886,'Mississauga (West Sheridan)',453),
	(887,'Mississauga (Erin Mills / Western Business Park)',453),
	(888,'Mississauga (Churchill Meadows / Central Erin Mills / South Streetsville)',453),
	(889,'Mississauga (Lisgar / Meadowvale)',453),
	(890,'Mississauga (YYZ)',453),
	(891,'Mississauga (West Hurontario / SW Gateway)',453),
	(892,'Mississauga (Cardiff / NE Gateway)',453),
	(893,'Mississauga (Courtney Park / East Gateway)',453),
	(894,'Mississauga (East Credit)',453),
	(895,'Mississauga (Meadowvale Village / West Gateway)',453),
	(896,'Maple',454),
	(897,'Markham East',439),
	(898,'Markham Northwest',439),
	(899,'Markham Northeast',439),
	(900,'Markham Inner Southwest',439),
	(901,'Oakville North',455),
	(902,'Oakville Northeast',455),
	(903,'Oakville East',455),
	(904,'Oakville South',455),
	(905,'Oakville West',455),
	(906,'Brampton North',456),
	(907,'Brampton Northwest',456),
	(908,'Brampton North Central',456),
	(909,'Brampton East',456),
	(910,'Brampton Central',456),
	(911,'Brampton Southeast',456),
	(912,'Brampton Southwest',456),
	(913,'Brampton South',456),
	(914,'Brampton West Central',456),
	(915,'Brampton West',457),
	(916,'King City',458),
	(917,'Caledon',459),
	(918,'Bolton',460),
	(919,'Georgetown',461),
	(920,'Acton',462),
	(921,'Caledon Village',463),
	(922,'Burlington Northeast',464),
	(923,'Burlington North',464),
	(924,'Burlington East',464),
	(925,'Burlington West',464),
	(926,'Burlington Southeast',464),
	(927,'Burlington South',464),
	(928,'Burlington Southwest',464),
	(929,'Waterdown',465),
	(930,'Ancaster West',466),
	(931,'Dundas',467),
	(932,'Barrie',450),
	(933,'Ancaster East',466),
	(934,'Port Perry',468),
	(935,'Penetanguishene',469),
	(936,'Holland Landing',470),
	(937,'Uxbridge',471),
	(938,'Alliston',472),
	(939,'Innisfil',473),
	(940,'Milton',474),
	(941,'Orangeville North',475),
	(942,'Orangeville South',475),
	(943,'Springwater',476),
	(944,'Midhurst',477),
	(945,'Minesing',478),
	(946,'Collingwood',479),
	(947,'Wasaga Beach',480),
	(948,'Scarborough (Malvern / Rouge River)',481),
	(949,'Scarborough (Rouge Hill / Port Union / Highland Creek)',481),
	(950,'Scarborough (Guildwood / Morningside / Ellesmere)',481),
	(951,'Scarborough (Woburn)',481),
	(952,'Scarborough (Cedarbrae)',481),
	(953,'Scarborough (Eglinton)',481),
	(954,'Scarborough (Kennedy Park / Ionview / East Birchmount Park)',481),
	(955,'Scarborough (The Golden Mile / Clairlea / Oakridge / Birchmount Park East)',481),
	(956,'Scarborough (Cliffside / Cliffcrest / Scarborough Village West)',481),
	(957,'Scarborough (Birch Cliff / Cliffside West)',481),
	(958,'Scarborough (Dorset Park / Wexford Heights / Scarborough Town Centre)',481),
	(959,'Scarborough (Wexford / Maryvale)',481),
	(960,'Scarborough (Agincourt)',481),
	(961,'Scarborough (Clarks Corners / Tam O\'Shanter / Sullivan)',481),
	(962,'Scarborough (Milliken / Agincourt North / Steeles East / L\'Amoreaux East)',481),
	(963,'Scarborough (Steeles West / L\'Amoreaux West)',481),
	(964,'Scarborough (Upper Rouge)',481),
	(965,'North York (Hillcrest Village)',482),
	(966,'North York (Fairview / Henry Farm / Oriole)',482),
	(967,'North York (Bayview Village)',482),
	(968,'North York (York Mills / Silver Hills)',482),
	(969,'Willowdale East (Newtonbrook)',483),
	(970,'Willowdale South',483),
	(971,'North York (York Mills West)',482),
	(972,'Willowdale West',483),
	(973,'North York (York Heights / Victoria Village / Parkway East)',482),
	(974,'Don Mills North',484),
	(975,'Don Mills South (Flemingdon Park)',484),
	(976,'North York (Armour Heights / Wilson Heights / Downsview North)',482),
	(977,'North York (Northwood Park / York University)',482),
	(978,'Downsview West',485),
	(979,'Downsview Central',485),
	(980,'North York (Jane and Finch)',482),
	(981,'North York (Sweeney Park / Wigmore Park)',486),
	(982,'East York (Parkview Hill / Woodbine Gardens)',487),
	(983,'East York (Woodbine Heights)',487),
	(984,'East York (Leaside)',487),
	(985,'East York (Thorncliffe Park)',487),
	(986,'North York (Bedford Park / Lawrence Park West / Lawrence Manor East)',488),
	(987,'North York (Lawrence Manor / Lawrence Heights)',482),
	(988,'North York (Glencairn)',482),
	(989,'York (Cedarvale)',489),
	(990,'York (Fairbank / Oakwood)',489),
	(991,'North York (North Park / Maple Leaf Park / Upwood Park)',482),
	(992,'York (Del Ray / Keelsdale / Mount Dennis / Silverthorne)',489),
	(993,'York (Runnymede / The Junction North)',489),
	(994,'Queen\'s Park Ontario Provincial Government',490),
	(995,'Etobicoke (Alderwood / Long Branch)',491),
	(996,'Etobicoke (The Kingsway / Montgomery Road / Old Mill North)',491),
	(997,'Etobicoke (Old Mill South / King\'s Mill Park / Sunnylea / Humber Bay / Mimico NE / The Queensway East / Royal York South East / Kingsway Park South East)',491),
	(998,'Etobicoke (Mimico NW / The Queensway West / South of Bloor / Kingsway Park South West / Royal York South West)',491),
	(999,'Etobicoke (Islington Avenue)',491),
	(1000,'Etobicoke (West Deane Park / Princess Gardens / Martin Grove / Islington / Cloverdale)',491),
	(1001,'Etobicoke (Eringate / Bloordale Gardens / Old Burnhamthorpe / Markland Woods)',491),
	(1002,'North York (Humber Summit)',482),
	(1003,'North York (Humberlea / Emery)',482),
	(1004,'Weston',492),
	(1005,'Etobicoke (Westmount)',491),
	(1006,'Etobicoke (Kingsview Village / St. Phillips / Martin Grove Gardens / Richview Gardens)',491),
	(1007,'Etobicoke (South Steeles / Silverstone / Humbergate / Jamestown / Mount Olive / Beaumond Heights / Thistletown / Albion Gardens)',491),
	(1008,'Etobicoke Northwest (Clairville / Humberwood / Woodbine Downs / West Humber / Kipling Heights / Rexdale / Elms / Tandridge / Old Rexdale)',491),
	(1009,'West Haldimand (Port Dover)',493),
	(1010,'Wellington (Elora)',494),
	(1011,'Georgian Bay Southwest Shore (Dundalk)',495),
	(1012,'Brant and Norfolk (Waterford)',496),
	(1013,'Huron (Wingham)',497),
	(1014,'Bruce Peninsula (Wiarton)',498),
	(1015,'Oxford (Norwich)',499),
	(1016,'Perth (Mitchell)',500),
	(1017,'Elgin (Dorchester)',501),
	(1018,'Middlesex (Clinton)',502),
	(1019,'Lambton (Forest)',503),
	(1020,'Kent (Blenheim)',504),
	(1021,'Essex (Belle River)',505),
	(1022,'Dunnville',506),
	(1023,'Guelph South',507),
	(1024,'Guelph North',507),
	(1025,'Guelph Central',507),
	(1026,'Guelph Northwest',507),
	(1027,'Guelph West',507),
	(1028,'Guelph East',507),
	(1029,'Fergus',508),
	(1030,'Cambridge South',509),
	(1031,'Cambridge Central',509),
	(1032,'Cambridge Southwest',509),
	(1033,'Cambridge East',509),
	(1034,'Kitchener East',510),
	(1035,'Kitchener Northeast',510),
	(1036,'Kitchener South Central',510),
	(1037,'Kitchener Southwest',510),
	(1038,'Kitchener Central',510),
	(1039,'Kitchener North Central',510),
	(1040,'Waterloo Southeast',511),
	(1041,'Kitchener North',510),
	(1042,'Waterloo South',511),
	(1043,'Kitchener Northwest',510),
	(1044,'Kitchener West',510),
	(1045,'Kitchener Southeast',510),
	(1046,'Kitchener South',510),
	(1047,'Waterloo Southwest',511),
	(1048,'Waterloo Northwest',511),
	(1049,'Kincardine',512),
	(1050,'Baden',513),
	(1051,'Elmira',514),
	(1052,'Cambridge Northeast',509),
	(1053,'Cambridge Northwest',509),
	(1054,'Cambridge West',509),
	(1055,'Paris',515),
	(1056,'Caledonia',516),
	(1057,'Simcoe',517),
	(1058,'Delhi',518),
	(1059,'Tillsonburg',519),
	(1060,'Owen Sound',520),
	(1061,'Meaford',521),
	(1062,'Hanover',522),
	(1063,'Woodstock Central',254),
	(1064,'Woodstock Central',523),
	(1065,'Woodstock North',254),
	(1066,'Woodstock North',523),
	(1067,'Woodstock South',254),
	(1068,'Woodstock South',523),
	(1069,'Listowel',524),
	(1070,'St. Mary\'s',525),
	(1071,'Stratford South',526),
	(1072,'Stratford North',527),
	(1073,'Ingersoll',528),
	(1074,'Aylmer',529),
	(1075,'Aylmer',760),
	(1076,'Port Stanley',530),
	(1077,'St. Thomas North',531),
	(1078,'St. Thomas South',531),
	(1079,'London (YXU / North and East Argyle / East Huron Heights)',532),
	(1080,'London East (SW Argyle / Hamilton Road)',532),
	(1081,'London (Fanshawe / Stoneybrook / Stoney Creek / Uplands / East Masonville)',532),
	(1082,'London (West Huron Heights / Carling)',532),
	(1083,'London (Glen Cairn)',532),
	(1084,'London North (UWO)',532),
	(1085,'London Central',532),
	(1086,'London South (East Highland / North White Oaks / North Westminster)',532),
	(1087,'London (South White Oaks / Central Westminster / East Longwoods / West Brockley)',532),
	(1088,'London (Sunningdale / West Masonville / Medway / NE Hyde Park / East Fox Hollow)',532),
	(1089,'London West (Central Hyde Park / Oakridge)',532),
	(1090,'London (Southcrest / East Westmount / West Highland)',532),
	(1091,'London (Riverbend / Woodhull / North Sharon Creek / Byron / West Westmount)',532),
	(1092,'London (East Tempo)',532),
	(1093,'London (Jackson / Old Victoria / Bradley / North Highbury)',532),
	(1094,'London (South Highbury / Glanworth / East Brockley / SE Westminster)',532),
	(1095,'London (Talbot / Lambeth / West Tempo / South Sharon Creek)',532),
	(1096,'Goderich',533),
	(1097,'Strathroy',534),
	(1098,'Chatham Northwest',535),
	(1099,'Chatham Northwest',754),
	(1100,'Chatham Southeast',535),
	(1101,'Chatham Southeast',754),
	(1102,'Sarnia Central',536),
	(1103,'Sarnia Southwest',536),
	(1104,'Sarnia Northwest',536),
	(1105,'Sarnia Southeast',536),
	(1106,'Sarnia Northeast',536),
	(1107,'Wallaceburg',537),
	(1108,'Leamington',538),
	(1109,'Essex',539),
	(1110,'Tecumseh Outskirts',540),
	(1111,'Windsor (East Riverside)',300),
	(1112,'Windsor (East Riverside)',541),
	(1113,'Windsor (East Forest Glade)',300),
	(1114,'Windsor (East Forest Glade)',541),
	(1115,'Windsor (Riverside)',300),
	(1116,'Windsor (Riverside)',541),
	(1117,'Windsor (West Forest Glade / East Fontainbleu)',300),
	(1118,'Windsor (West Forest Glade / East Fontainbleu)',541),
	(1119,'Tecumseh (YQG)',540),
	(1120,'Windsor (South Walkerville / West Fontainbleu / Walker Farm / Devonshire)',300),
	(1121,'Windsor (South Walkerville / West Fontainbleu / Walker Farm / Devonshire)',541),
	(1122,'Windsor South Central (West Walkerville / Remington Park)',300),
	(1123,'Windsor South Central (West Walkerville / Remington Park)',541),
	(1124,'Windsor East (East Walkerville)',300),
	(1125,'Windsor East (East Walkerville)',541),
	(1126,'Windsor (City Centre / NW Walkerville)',300),
	(1127,'Windsor (City Centre / NW Walkerville)',541),
	(1128,'Windsor (University / South Cameron)',300),
	(1129,'Windsor (University / South Cameron)',541),
	(1130,'Windsor (Sandwich / Ojibway / West Malden)',300),
	(1131,'Windsor (Sandwich / Ojibway / West Malden)',541),
	(1132,'Windsor South (East Malden)',300),
	(1133,'Windsor South (East Malden)',541),
	(1134,'Windsor (Roseland)',300),
	(1135,'Windsor (Roseland)',541),
	(1136,'La Salle East',542),
	(1137,'La Salle West',542),
	(1138,'Tecumseh Central',543),
	(1139,'Amherstburg',544),
	(1140,'Kingsville',545),
	(1141,'Nipissing Central (Burk\'s Falls)',546),
	(1142,'Nipissing South (Utterson)',546),
	(1143,'Parry Sound Mid-Shore (Bala)',547),
	(1144,'Parry Sound South Shore (Kilworthy)',547),
	(1145,'Parry Sound North Shore (Nobel)',547),
	(1146,'Nipissing North (Callander)',546),
	(1147,'Timiskaming South (Temiskaming Shores)',548),
	(1148,'Timiskaming North (Iroquois Falls A)',548),
	(1149,'Cochrane Region (Hearst)',549),
	(1150,'Algoma, Sudbury District and Greater Sudbury (Chelmsford)',550),
	(1151,'Timmins Region (South Porcupine)',551),
	(1152,'Manitoulin (Little Current)',552),
	(1153,'Lake Superior East Shore (Wawa)',553),
	(1154,'Lake Superior North Shore (Marathon)',553),
	(1155,'Northwestern Ontario (Red Lake)',554),
	(1156,'Rainy River Region (Emo)',555),
	(1157,'Kenora Region (Keewatin)',556),
	(1158,'Lake of the Woods East Shore (Ingolf)',557),
	(1159,'North Bay South',558),
	(1160,'North Bay Central',558),
	(1161,'North Bay North',558),
	(1162,'Huntsville',559),
	(1163,'Bracebridge',560),
	(1164,'Gravenhurst',561),
	(1165,'Parry Sound',547),
	(1166,'Sturgeon Falls',562),
	(1167,'Kirkland Lake',563),
	(1168,'Greater Sudbury (New Sudbury)',564),
	(1169,'Greater Sudbury (Downtown / Minnow Lake)',564),
	(1170,'Greater Sudbury (Gatchell / West End / Little Britain)',564),
	(1171,'Greater Sudbury (Robinson / Lockerby)',564),
	(1172,'Greater Sudbury (Lo-Ellen / McFarlane Lake)',564),
	(1173,'Greater Sudbury (Garson)',564),
	(1174,'Greater Sudbury (Val Caron)',564),
	(1175,'Greater Sudbury (Hanmer)',564),
	(1176,'Greater Sudbury (Lively)',564),
	(1177,'Timmins Southeast',565),
	(1178,'Timmins North',565),
	(1179,'Timmins West',565),
	(1180,'Elliot Lake',566),
	(1181,'Espanola',567),
	(1182,'Kapuskasing',568),
	(1183,'Sault Ste. Marie East',569),
	(1184,'Sault Ste. Marie Central',569),
	(1185,'Sault Ste. Marie North',569),
	(1186,'Thunder Bay Northeast',570),
	(1187,'Thunder Bay North Central',570),
	(1188,'Thunder Bay Central',570),
	(1189,'Thunder Bay South Central',570),
	(1190,'Thunder Bay North',570),
	(1191,'Thunder Bay South',570),
	(1192,'Thunder Bay West',570),
	(1193,'Neebing',571),
	(1194,'Dryden',572),
	(1195,'Sioux Lookout',573),
	(1196,'Fort Frances',574),
	(1197,'Kenora',575),
	(1198,'Prince County (Portage)',576),
	(1199,'Kings and Queens counties (Elmira)',577),
	(1200,'Montague',578),
	(1201,'Charlottetown Southeast Prince Edward Island Provincial Government',579),
	(1202,'Stratford',580),
	(1203,'Charlottetown North',579),
	(1204,'Charlottetown West',579),
	(1205,'Summerside',581),
	(1206,'Matane',582),
	(1207,'Mont-Joli',582),
	(1208,'Amqui',582),
	(1209,'Rimouski',582),
	(1210,'Rivière-du-Loup',582),
	(1211,'Saint-Ambroise',583),
	(1212,'Alma',583),
	(1213,'Roberval',583),
	(1214,'Saint-Prime',583),
	(1215,'Saint-Félicien',583),
	(1216,'Dolbeau-Mistassini',583),
	(1217,'Albanel',583),
	(1218,'Hébertville',583),
	(1219,'Capitale-Nationale (Stoneham)',584),
	(1220,'Quebec City',584),
	(1221,'L\'Ancienne-Lorette',584),
	(1222,'Lac-Beauport',584),
	(1223,'Stoneham-et-Tewkesbury',584),
	(1224,'Pont-Rouge',584),
	(1225,'Donnacona',584),
	(1226,'Sainte-Catherine-de-la-Jacques-Cartier',584),
	(1227,'Baie-Saint-Paul',584),
	(1228,'Clermont',584),
	(1229,'La Malbaie',584),
	(1230,'Mauricie (Parent)',585),
	(1231,'La Tuque',585),
	(1232,'Louiseville',585),
	(1233,'Estrie-Est (Stanstead)',586),
	(1234,'Windsor',586),
	(1235,'Asbestos',586),
	(1236,'Magog',586),
	(1237,'Montreal East',587),
	(1238,'Montreal North North',587),
	(1239,'Montreal North South',587),
	(1240,'Old Montreal',587),
	(1241,'Downtown Montreal Northeast',587),
	(1242,'Downtown Montreal North',587),
	(1243,'Downtown Montreal East',587),
	(1244,'Downtown Montreal Southeast',587),
	(1245,'Downtown Montreal South & West',587),
	(1246,'Hampstead',587),
	(1247,'Westmount',587),
	(1248,'Côte-Saint-Luc',587),
	(1249,'Montreal West',587),
	(1250,'Kirkland',587),
	(1251,'Dorval',587),
	(1252,'Pointe-Claire',587),
	(1253,'Beaconsfield',587),
	(1254,'Outaouais-Sud (Thurso)',588),
	(1255,'Val-des-Monts',588),
	(1256,'Chelsea',588),
	(1257,'Maniwaki',588),
	(1258,'Abitibi-Témiscamingue-Ouest (Guigues)',589),
	(1259,'Val-d\'Or',589),
	(1260,'Amos',589),
	(1261,'Ville-Marie',589),
	(1262,'La Sarre',589),
	(1263,'Côte-Nord/Anticosti (Schefferville)',590),
	(1264,'Sept-Îles',590),
	(1265,'Port-Cartier',590),
	(1266,'Chibougamau',591),
	(1267,'Gaspé',592),
	(1268,'Montmagny',593),
	(1269,'Beauceville',593),
	(1270,'Saint-Georges',593),
	(1271,'Sainte-Marie',593),
	(1272,'Thetford Mines',593),
	(1273,'Lévis',593),
	(1274,'Laval-des-Rapides',594),
	(1275,'Laval-sur-le-Lac',594),
	(1276,'Lanaudière-Nord (Saint-Esprit)',595),
	(1277,'Saint-Lin-Laurentides',595),
	(1278,'Lavaltrie',595),
	(1279,'L\'Épiphanie',595),
	(1280,'Repentigny',595),
	(1281,'Terrebonne',595),
	(1282,'Mascouche',595),
	(1283,'Laurentides-Nord (Montcalm)',596),
	(1284,'Saint-Colomban',596),
	(1285,'Saint-Jérôme',596),
	(1286,'Sainte-Thérèse',596),
	(1287,'Saint-Eustache',596),
	(1288,'Saint-Hippolyte',596),
	(1289,'Sainte-Adèle',596),
	(1290,'Mont-Tremblant',596),
	(1291,'Lachute',596),
	(1292,'Mont-Laurier',596),
	(1293,'Montérégie-Est (Bedford)',597),
	(1294,'Montérégie-Nord (Saint-Antoine-Sur-Richelieu)',597),
	(1295,'Montérégie-Ouest (Saint-Anicet)',597),
	(1296,'Granby',597),
	(1297,'Cowansville',597),
	(1298,'Bromont',597),
	(1299,'Shefford',597),
	(1300,'Farnham',597),
	(1301,'Saint-Hyacinthe',597),
	(1302,'Saint-Jean-sur-Richelieu',597),
	(1303,'Sainte-Julie',597),
	(1304,'Beloeil',597),
	(1305,'Chambly',597),
	(1306,'Marieville',597),
	(1307,'Varennes',597),
	(1308,'Boucherville',597),
	(1309,'Saint-Lambert',597),
	(1310,'Brossard',597),
	(1311,'Saint-Constant',597),
	(1312,'Delson',597),
	(1313,'Sainte-Catherine',597),
	(1314,'La Prairie',597),
	(1315,'Châteauguay',597),
	(1316,'Beauharnois',597),
	(1317,'Mercier',597),
	(1318,'Salaberry-de-Valleyfield',597),
	(1319,'Vaudreuil-Dorion',597),
	(1320,'Centre-du-Québec-Est (Saint-Valère)',598),
	(1321,'Centre-du-Québec-Nord (Daveluyville)',598),
	(1322,'Plessisville',598),
	(1323,'Victoriaville',598),
	(1324,'Centre-du-Québec-Sud (Warwick)',598),
	(1325,'Centre-du-Québec-Ouest (Saint-Bonaventure)',598),
	(1326,'Drummondville',598),
	(1327,'Nicolet',598),
	(1328,'Cap-aux-Meules',599),
	(1329,'Gaspésie-Sud (New Richmond)',600),
	(1330,'Gaspésie-Nord (Grande-Vallée)',601),
	(1331,'Manicouagan (Baie-Trinité)',602),
	(1332,'Gaspésie-Ouest (Causapscal)',603),
	(1333,'Bas-St-Laurent-Est (Sainte-Luce)',604),
	(1334,'Bas-St-Laurent-Ouest (Trois-Pistoles)',605),
	(1335,'Région de Beauce (Saint-Prosper-De-Dorchester)',606),
	(1336,'Chaudière-Sud (Disraeli)',607),
	(1337,'Appalaches (La Pocatière)',608),
	(1338,'Chaudière-Nord (Saint-Joseph-De-Beauce)',609),
	(1339,'Le Fjord (Forestville)',610),
	(1340,'Saguenay-Lac-St-Jean (Alouette)',611),
	(1341,'Région de Mistassini (Chambord)',606),
	(1342,'L\'Erable (Nantes)',612),
	(1343,'Beauport North',613),
	(1344,'Beauport Central',613),
	(1345,'Beauport South',613),
	(1346,'Jean-Talon Southeast',614),
	(1347,'Charlesbourg South',615),
	(1348,'Sainte-Foy Northeast',616),
	(1349,'Sainte-Foy Southeast',616),
	(1350,'Sainte-Foy West',616),
	(1351,'Cap-Rouge',617),
	(1352,'Loretteville North',618),
	(1353,'Loretteville South',618),
	(1354,'L\'Ancienne-Lorette Southwest',619),
	(1355,'Charlesbourg North',620),
	(1356,'Jean-Talon Northeast',621),
	(1357,'Jean-Talon West',621),
	(1358,'St-Augustin-De-Desmaures',622),
	(1359,'Saint-Émile',623),
	(1360,'Lac-Saint-Charles',624),
	(1361,'Val-Bélair North',625),
	(1362,'Val-Bélair South',625),
	(1363,'Saint-Raymond',626),
	(1364,'Sept-Îles Southeast',627),
	(1365,'Les Îles-De-La-Madeleine',628),
	(1366,'Sainte-Anne-Des-Monts',629),
	(1367,'Baie-Comeau Northeast',630),
	(1368,'Baie-Comeau Southwest',631),
	(1369,'Degelis',632),
	(1370,'Lac-Megantic',633),
	(1371,'Pintendre',634),
	(1372,'Black Lake',635),
	(1373,'Saint-Etienne-De-Lauzon',636),
	(1374,'Saint-Redempteur',637),
	(1375,'Victoriaville South',638),
	(1376,'Victoriaville East',638),
	(1377,'Charny',639),
	(1378,'Saint-Jean-Chrysostome',640),
	(1379,'Saint-Nicolas',641),
	(1380,'La Baie',642),
	(1381,'Chicoutimi North',643),
	(1382,'Chicoutimi East',643),
	(1383,'Chicoutimi West',643),
	(1384,'Chicoutimi Southwest',643),
	(1385,'Laterrière',644),
	(1386,'Jonquière Northeast',645),
	(1387,'Jonquière Southeast',645),
	(1388,'Jonquière Central',645),
	(1389,'Jonquière Southwest',645),
	(1390,'Jonquière Northwest',645),
	(1391,'Jonquière West',646),
	(1392,'Métabetchouan-Lac-a-la-Croix',647),
	(1393,'Cap-de-la-Madeleine Central and southeast',648),
	(1394,'Cap-de-la-Madeleine Northeast',648),
	(1395,'Cap-de-la-Madeleine West',648),
	(1396,'Trois-Rivières Central',649),
	(1397,'Trois-Rivières Northeast',649),
	(1398,'Trois-Rivières East',649),
	(1399,'Trois-Rivières South',649),
	(1400,'Trois-Rivières West',649),
	(1401,'Becancour',650),
	(1402,'Shawinigan Central',651),
	(1403,'Shawinigan Southeast',651),
	(1404,'Shawinigan Northwest',651),
	(1405,'Grand-Mère',652),
	(1406,'Reserved (Santa Claus)',653),
	(1407,'Akwesasne Region (Akwesasne)',654),
	(1408,'Pointe-Aux-Trembles',655),
	(1409,'Rivière-des-Prairies Northeast',656),
	(1410,'Rivière-Des-Prairies Southwest',657),
	(1411,'Anjou West',658),
	(1412,'Anjou East',658),
	(1413,'Mercier North',659),
	(1414,'Mercier West',659),
	(1415,'Mercier Southeast',659),
	(1416,'Saint-Léonard North',248),
	(1417,'Saint-Léonard North',660),
	(1418,'Saint-Léonard West',248),
	(1419,'Saint-Léonard West',660),
	(1420,'Saint-Léonard Southeast',248),
	(1421,'Saint-Léonard Southeast',660),
	(1422,'Rosemont North',661),
	(1423,'Maisonneuve',662),
	(1424,'Hochelaga',663),
	(1425,'Rosemont Central',661),
	(1426,'Rosemont South',661),
	(1427,'Saint-Michel West',664),
	(1428,'Saint-Michel East',665),
	(1429,'Ahuntsic North',666),
	(1430,'Ahuntsic Central',666),
	(1431,'Villeray Northeast',667),
	(1432,'Petite-Patrie Northeast',668),
	(1433,'Plateau Mont-Royal North',669),
	(1434,'Plateau Mont-Royal North Central',669),
	(1435,'Centre-Sud North',670),
	(1436,'Centre-Sud South',671),
	(1437,'Ahuntsic East',666),
	(1438,'Ahuntsic Southeast',666),
	(1439,'Villeray West',667),
	(1440,'Villeray Southeast',667),
	(1441,'Petite-Patrie Southwest',668),
	(1442,'Plateau Mont-Royal West',669),
	(1443,'Outremont',672),
	(1444,'Plateau Mont-Royal South Central',669),
	(1445,'Plateau Mont-Royal Southeast',669),
	(1446,'Griffintown (Includes Île Notre-Dame & Île Sainte-Hélène)',673),
	(1447,'L\'Île-Des-Soeurs',674),
	(1448,'Petite-Bourgogne',675),
	(1449,'Pointe-Saint-Charles',676),
	(1450,'Ahuntsic Southwest',677),
	(1451,'Cartierville Northeast',678),
	(1452,'Parc-Extension',679),
	(1453,'Mount Royal North',680),
	(1454,'Mount Royal Central',680),
	(1455,'Côte-des-Neiges North',681),
	(1456,'Côte-des-Neiges Northeast',681),
	(1457,'Côte-des-Neiges East',681),
	(1458,'Côte-des-Neiges Southwest',681),
	(1459,'Notre-Dame-de-GrÔce Northeast',682),
	(1460,'Notre-Dame-de-GrÔce Southwest',682),
	(1461,'Saint-Henri',683),
	(1462,'Ville Émard',684),
	(1463,'Verdun North',685),
	(1464,'Verdun South',685),
	(1465,'Cartierville Central',686),
	(1466,'Cartierville Southwest',686),
	(1467,'Saint-Laurent Inner Northeast',687),
	(1468,'Saint-Laurent East',687),
	(1469,'Saint-Laurent Outer Northeast',687),
	(1470,'Mount Royal South',688),
	(1471,'Saint-Laurent Central',687),
	(1472,'Saint-Laurent Southwest',687),
	(1473,'Saint-Laurent Southeast',687),
	(1474,'Côte-Saint-Luc East',689),
	(1475,'Dorval Central',690),
	(1476,'Tour de la Bourse',691),
	(1477,'Place Bonaventure',692),
	(1478,'Place Desjardins',692),
	(1479,'Duvernay-Est',693),
	(1480,'Saint-Franþois',694),
	(1481,'Saint-Vincent-de-Paul',695),
	(1482,'Duvernay',696),
	(1483,'Pont-Viau',697),
	(1484,'Auteuil West',698),
	(1485,'Auteuil Northeast',698),
	(1486,'Auteuil South',698),
	(1487,'Sainte-Rose',699),
	(1488,'Vimont',700),
	(1489,'Fabreville',701),
	(1490,'Chomedey Northeast',702),
	(1491,'Chomedey Northwest',702),
	(1492,'Chomedey East',702),
	(1493,'Chomedey South',702),
	(1494,'Sainte-Dorothée',703),
	(1495,'Îles-Laval',704),
	(1496,'LaSalle Northwest',705),
	(1497,'LaSalle Southeast',705),
	(1498,'Saint-Pierre',706),
	(1499,'Lachine East',707),
	(1500,'Lachine West',707),
	(1501,'Roxboro',708),
	(1502,'Pierrefonds',709),
	(1503,'Dollard-Des-Ormeaux Northwest',710),
	(1504,'Dollard-Des-Ormeaux East',710),
	(1505,'L\'Île Bizard Northeast',711),
	(1506,'L\'Île-Bizard Southwest',712),
	(1507,'Dollard-Des-Ormeaux Southwest',710),
	(1508,'Sainte-Geneviève',713),
	(1509,'Senneville',714),
	(1510,'L\'Île-Dorval',715),
	(1511,'Sainte-Anne-De-Bellevue',716),
	(1512,'Estrie-Ouest (Fulford)',717),
	(1513,'Bois-Francs-Nord (Odanak)',718),
	(1514,'Bois-Francs-Sud (Saint-Nazaire-D\'Acton)',719),
	(1515,'Nunavik (Kuujjuaq)',720),
	(1516,'Région d\'Oka (Oka)',721),
	(1517,'Vaudreuil-Soulanges (Coteau-du-Lac)',722),
	(1518,'Lanaudière-Sud (Prévost)',723),
	(1519,'Laurentides-Sud (Chénéville)',724),
	(1520,'Outaouais-Nord (Ferme-Neuve)',725),
	(1521,'Abitibi-Témiscamingue-Est (Radisson)',726),
	(1522,'Coaticook',727),
	(1523,'Bromptonville',728),
	(1524,'Sherbrooke Northeast',729),
	(1525,'Sherbrooke East',729),
	(1526,'Sherbrooke Central',729),
	(1527,'Sherbrooke North',729),
	(1528,'Sherbrooke West',729),
	(1529,'Sherbrooke Northwest',729),
	(1530,'Sherbrooke Southeast',729),
	(1531,'Rock Forest',730),
	(1532,'Saint-Élie-d\'Orford',731),
	(1533,'Saint-Cyrille-De-Wendover',732),
	(1534,'Drummondville South',733),
	(1535,'Saint-Luc',734),
	(1536,'Beloeil East',735),
	(1537,'Saint-Basile-Le-Grand',736),
	(1538,'Sorel Central',737),
	(1539,'Sorel Southwest',737),
	(1540,'Saint-Bruno',738),
	(1541,'Saint-Hubert Central',739),
	(1542,'Saint-Hubert East',739),
	(1543,'Longueuil North',740),
	(1544,'Longueuil West',740),
	(1545,'Longueuil Central',740),
	(1546,'Longueuil Southwest',740),
	(1547,'Longueuil Southeast',740),
	(1548,'Longueuil East',740),
	(1549,'Longueuil Northeast',740),
	(1550,'Saint-Hubert West',741),
	(1551,'Greenfield Park',742),
	(1552,'Saint-Sophie',743),
	(1553,'L\'Assomption',744),
	(1554,'Joliette',745),
	(1555,'Sainte-Thérèse-de-Blainville Northeast',746),
	(1556,'Sainte-Thérèse-de-Blainville East',747),
	(1557,'Sainte-Thérèse-de-Blainville North',747),
	(1558,'Sainte-Thérèse-de-Blainville Northwest',747),
	(1559,'Sainte-Thérèse-de-Blainville South',747),
	(1560,'Sainte-Thérèse-de-Blainville Southwest',747),
	(1561,'Mirabel Northeast',748),
	(1562,'La Plaine',749),
	(1563,'Mirabel Southwest',748),
	(1564,'Vaudreuil-Dorion RCM',750),
	(1565,'Pincourt',751),
	(1566,'Valleyfield',752),
	(1567,'Sainte-Agathe-Des-Monts',753),
	(1568,'Chatham',535),
	(1569,'Chatham',754),
	(1570,'Buckingham',755),
	(1571,'Masson-Angers',756),
	(1572,'Gatineau Southeast',757),
	(1573,'Gatineau Northeast',757),
	(1574,'Gatineau Southwest',757),
	(1575,'Gatineau Northwest',757),
	(1576,'Hull Southeast',758),
	(1577,'Hull Central',758),
	(1578,'Hull North',758),
	(1579,'Hull Southwest',759),
	(1580,'Aylmer South',529),
	(1581,'Aylmer South',760),
	(1582,'Aylmer North',529),
	(1583,'Aylmer North',760),
	(1584,'Rouyn-Noranda South',761),
	(1585,'Rouyn-Noranda North',761),
	(1586,'Yorkton Region (Melville)',762),
	(1587,'Southeastern Saskatchewan (Carlyle)',763),
	(1588,'Eastern Saskatchewan (Melfort)',764),
	(1589,'South Central Saskatchewan (Fort Qu\'Appelle)',765),
	(1590,'Southern Saskatchewan (Assiniboia)',766),
	(1591,'Northern Saskatchewan (La Ronge)',767),
	(1592,'Central Saskatchewan (Humboldt)',768),
	(1593,'Western Saskatchewan (Kindersley)',769),
	(1594,'Northwestern Saskatchewan (Battleford)',770),
	(1595,'Southwestern Saskatchewan (Maple Creek)',771),
	(1596,'Northeastern Saskatchewan (Creighton)',772),
	(1597,'Buena Vista',773),
	(1598,'Yorkton',774),
	(1599,'Estevan',775),
	(1600,'Weyburn',776),
	(1601,'Rm Of Sherwood',777),
	(1602,'Regina East',778),
	(1603,'Regina',778),
	(1604,'Regina Northeast and East Central',778),
	(1605,'Regina Central',778),
	(1606,'Regina North Central',778),
	(1607,'Regina South Saskatchewan Provincial Government',778),
	(1608,'Regina West',778),
	(1609,'Regina Southeast',778),
	(1610,'Regina Southwest',778),
	(1611,'Regina Northwest',778),
	(1612,'Regina Outer Northwest',778),
	(1613,'Regina Northeast',778),
	(1614,'Moose Jaw Southeast',779),
	(1615,'Moose Jaw Northeast',779),
	(1616,'Moose Jaw West',779),
	(1617,'Prince Albert Central',780),
	(1618,'Prince Albert Southwest',780),
	(1619,'Prince Albert East',780),
	(1620,'Saskatoon East Central',781),
	(1621,'Saskatoon South Central',781),
	(1622,'Saskatoon North Central',781),
	(1623,'Saskatoon West',781),
	(1624,'Saskatoon Southwest',781),
	(1625,'Saskatoon Northeast Central',781),
	(1626,'Saskatoon North',781),
	(1627,'Saskatoon Northwest',781),
	(1628,'Saskatoon Northeast',781),
	(1629,'Saskatoon South',781),
	(1630,'Saskatoon Southeast',781),
	(1631,'Saskatoon',781),
	(1632,'North Battleford',782),
	(1633,'Swift Current',783),
	(1634,'Meadow Lake',785),
	(1635,'Southeastern Yukon (Watson Lake)',786),
	(1636,'Central Yukon (Dawson City)',787),
	(1637,'Whitehorse',788);


# Dump of table PostalCode
# ------------------------------------------------------------

INSERT INTO `PostalCode` (`postal_code_id`, `city_id`)
VALUES
	('T0A',1),
	('T0B',2),
	('T0C',3),
	('T0E',4),
	('T0G',5),
	('T0H',6),
	('T0J',7),
	('T0K',8),
	('T0L',9),
	('T0M',10),
	('T0P',11),
	('T0V',12),
	('T1A',13),
	('T1B',14),
	('T1C',15),
	('T1G',16),
	('T1H',17),
	('T1J',18),
	('T1K',19),
	('T1L',20),
	('T1M',21),
	('T1P',22),
	('T1R',23),
	('T1S',24),
	('T1V',25),
	('T1W',26),
	('T1X',27),
	('T1Y',28),
	('T1Z',29),
	('T2A',30),
	('T2B',31),
	('T2C',32),
	('T2E',33),
	('T2G',34),
	('T2H',35),
	('T2J',36),
	('T2K',37),
	('T2L',38),
	('T2M',39),
	('T2N',40),
	('T2P',41),
	('T2R',42),
	('T2S',43),
	('T2T',44),
	('T2V',45),
	('T2W',46),
	('T2X',47),
	('T2Y',48),
	('T2Z',49),
	('T3A',50),
	('T3B',51),
	('T3C',52),
	('T3E',53),
	('T3G',54),
	('T3H',55),
	('T3J',56),
	('T3K',57),
	('T3L',58),
	('T3M',59),
	('T3N',60),
	('T3P',61),
	('T3R',62),
	('T3S',63),
	('T3Z',64),
	('T4A',65),
	('T4B',66),
	('T4C',67),
	('T4E',68),
	('T4G',69),
	('T4H',70),
	('T4J',71),
	('T4L',72),
	('T4M',73),
	('T4N',74),
	('T4P',75),
	('T4R',76),
	('T4S',77),
	('T4T',78),
	('T4V',79),
	('T4X',80),
	('T5A',81),
	('T5B',82),
	('T5C',83),
	('T5E',84),
	('T5G',85),
	('T5H',86),
	('T5J',87),
	('T5K',88),
	('T5L',89),
	('T5M',90),
	('T5N',91),
	('T5P',92),
	('T5R',93),
	('T5S',94),
	('T5T',95),
	('T5V',96),
	('T5W',97),
	('T5X',98),
	('T5Y',99),
	('T5Z',100),
	('T6A',101),
	('T6B',102),
	('T6C',103),
	('T6E',104),
	('T6G',105),
	('T6H',106),
	('T6J',107),
	('T6K',108),
	('T6L',109),
	('T6M',110),
	('T6N',111),
	('T6P',112),
	('T6R',113),
	('T6S',114),
	('T6T',115),
	('T6V',116),
	('T6W',117),
	('T6X',118),
	('T7A',119),
	('T7E',120),
	('T7N',121),
	('T7P',122),
	('T7S',123),
	('T7V',124),
	('T7X',125),
	('T7Y',126),
	('T7Z',127),
	('T8A',128),
	('T8B',129),
	('T8C',130),
	('T8E',131),
	('T8G',132),
	('T8H',133),
	('T8L',134),
	('T8N',135),
	('T8T',135),
	('T8R',136),
	('T8S',137),
	('T8V',138),
	('T8W',139),
	('T8X',140),
	('T9A',141),
	('T9C',142),
	('T9E',143),
	('T9G',144),
	('T9H',145),
	('T9J',146),
	('T9K',147),
	('T9M',148),
	('T9N',149),
	('T9S',150),
	('T9W',153),
	('T9X',154),
	('V5K',155),
	('V5L',156),
	('V5M',157),
	('V5N',158),
	('V5P',159),
	('V5R',160),
	('V5S',161),
	('V5T',162),
	('V5V',163),
	('V5W',164),
	('V5X',165),
	('V5Y',166),
	('V5Z',167),
	('V6A',168),
	('V6B',169),
	('V6C',170),
	('V6E',171),
	('V6G',172),
	('V6H',173),
	('V6J',174),
	('V6K',175),
	('V6L',176),
	('V6M',177),
	('V6N',178),
	('V6P',179),
	('V6R',180),
	('V6S',181),
	('V6T',182),
	('V6Z',183),
	('V7G',184),
	('V7H',185),
	('V7J',186),
	('V7K',187),
	('V7L',188),
	('V7M',189),
	('V7N',190),
	('V7P',191),
	('V7R',192),
	('V7S',193),
	('V7T',194),
	('V7V',195),
	('V7W',196),
	('V7X',197),
	('V7Y',198),
	('V0A',199),
	('V0B',200),
	('V0C',201),
	('V0E',202),
	('V0G',203),
	('V0H',204),
	('V0J',205),
	('V0K',206),
	('V0L',207),
	('V0M',208),
	('V0N',209),
	('V0P',210),
	('V0R',211),
	('V0S',212),
	('V0T',213),
	('V0V',214),
	('V0W',215),
	('V0X',216),
	('V1A',217),
	('V1B',218),
	('V1C',219),
	('V1E',220),
	('V1G',221),
	('V1H',222),
	('V1J',223),
	('V1K',224),
	('V1L',225),
	('V1M',226),
	('V1N',227),
	('V1P',228),
	('V1R',229),
	('V1S',230),
	('V1T',231),
	('V1V',232),
	('V1W',233),
	('V1X',234),
	('V1Y',235),
	('V1Z',236),
	('V2A',237),
	('V2B',238),
	('V2C',239),
	('V2E',240),
	('V2G',241),
	('V2H',242),
	('V2J',243),
	('V2K',244),
	('V2L',245),
	('V2M',246),
	('V2N',247),
	('V2P',248),
	('V2R',249),
	('V2S',250),
	('V2T',251),
	('V2V',252),
	('V2W',253),
	('V2X',254),
	('V2Y',255),
	('V2Z',256),
	('V3A',257),
	('V3B',258),
	('V3C',259),
	('V3E',260),
	('V3G',261),
	('V3H',262),
	('V3J',263),
	('V3K',264),
	('V3L',265),
	('V3M',266),
	('V3N',267),
	('V3R',268),
	('V3S',269),
	('V3T',270),
	('V3V',271),
	('V3W',272),
	('V3X',273),
	('V3Y',274),
	('V3Z',275),
	('V4A',276),
	('V4B',277),
	('V4C',278),
	('V4E',279),
	('V4G',280),
	('V4K',281),
	('V4L',282),
	('V4M',283),
	('V4N',284),
	('V4P',285),
	('V4R',286),
	('V4S',287),
	('V4T',288),
	('V4V',289),
	('V4W',290),
	('V4X',291),
	('V4Z',292),
	('V5A',293),
	('V5B',294),
	('V5C',295),
	('V5E',296),
	('V5G',297),
	('V5H',298),
	('V5J',299),
	('V6V',300),
	('V6W',301),
	('V6X',302),
	('V6Y',303),
	('V7A',304),
	('V7B',305),
	('V7C',306),
	('V7E',307),
	('V8A',308),
	('V8B',309),
	('V8C',310),
	('V8G',311),
	('V8J',312),
	('V8K',313),
	('V8L',314),
	('V8M',315),
	('V8N',316),
	('V8P',317),
	('V8R',318),
	('V8S',319),
	('V8T',320),
	('V8V',321),
	('V8W',322),
	('V8X',323),
	('V8Y',324),
	('V8Z',325),
	('V9A',326),
	('V9B',327),
	('V9C',328),
	('V9E',329),
	('V9G',330),
	('V9H',331),
	('V9J',332),
	('V9K',333),
	('V9L',334),
	('V9M',335),
	('V9N',336),
	('V9P',337),
	('V9R',338),
	('V9S',339),
	('V9T',340),
	('V9V',341),
	('V9W',342),
	('V9X',343),
	('V9Y',344),
	('V9Z',345),
	('R0A',346),
	('R0B',347),
	('R0C',348),
	('R0E',349),
	('R0G',350),
	('R0H',351),
	('R0J',352),
	('R0K',353),
	('R0L',354),
	('R0M',355),
	('R1A',356),
	('R1B',357),
	('R1C',358),
	('R1N',359),
	('R2C',360),
	('R2E',361),
	('R2G',362),
	('R2H',363),
	('R2J',364),
	('R2K',365),
	('R2L',366),
	('R2M',367),
	('R2N',368),
	('R2P',369),
	('R2R',370),
	('R2V',371),
	('R2W',372),
	('R2X',373),
	('R2Y',374),
	('R3A',375),
	('R3B',376),
	('R3C',377),
	('R3E',378),
	('R3G',379),
	('R3H',380),
	('R3J',381),
	('R3K',382),
	('R3L',383),
	('R3M',384),
	('R3N',385),
	('R3P',386),
	('R3R',387),
	('R3S',388),
	('R3T',389),
	('R3V',390),
	('R3W',391),
	('R3X',392),
	('R3Y',393),
	('R4A',394),
	('R4G',395),
	('R4H',396),
	('R4J',397),
	('R4K',398),
	('R4L',399),
	('R5A',400),
	('R5G',401),
	('R5H',402),
	('R6M',403),
	('R6W',404),
	('R7A',405),
	('R7B',406),
	('R7C',407),
	('R7N',408),
	('R8A',409),
	('R8N',410),
	('R9A',411),
	('E1A',412),
	('E1B',413),
	('E1C',414),
	('E1E',415),
	('E1G',416),
	('E1H',417),
	('E1J',418),
	('E1N',419),
	('E1V',420),
	('E1W',421),
	('E1X',422),
	('E2A',423),
	('E4A',423),
	('E2E',424),
	('E2G',425),
	('E2H',426),
	('E2J',427),
	('E2K',428),
	('E2L',429),
	('E2M',430),
	('E2N',431),
	('E2P',432),
	('E2R',433),
	('E2S',434),
	('E2V',435),
	('E3A',436),
	('E3B',437),
	('E3C',438),
	('E3E',439),
	('E3G',440),
	('E3L',441),
	('E3N',442),
	('E3V',443),
	('E4B',448),
	('E4C',449),
	('E4E',450),
	('E4G',451),
	('E4H',452),
	('E4J',453),
	('E4K',454),
	('E4L',455),
	('E4M',456),
	('E4N',457),
	('E4P',458),
	('E4R',459),
	('E4S',460),
	('E4T',461),
	('E4V',462),
	('E4W',463),
	('E4X',464),
	('E4Y',465),
	('E4Z',466),
	('E5A',467),
	('E5B',468),
	('E5C',469),
	('E5E',470),
	('E5G',471),
	('E5H',472),
	('E5J',473),
	('E5K',474),
	('E5L',475),
	('E5M',476),
	('E5N',477),
	('E5P',478),
	('E5R',479),
	('E5T',482),
	('E5V',483),
	('E6A',484),
	('E6B',485),
	('E6C',486),
	('E6E',487),
	('E6G',488),
	('E6H',489),
	('E6J',490),
	('E6K',491),
	('E6L',492),
	('E7A',493),
	('E7B',494),
	('E7C',495),
	('E7G',498),
	('E7H',499),
	('E7J',500),
	('E7K',501),
	('E7L',502),
	('E7N',505),
	('E7P',506),
	('E8A',507),
	('E8B',508),
	('E8C',509),
	('E8E',510),
	('E8G',511),
	('E8J',512),
	('E8K',513),
	('E8L',514),
	('E8M',515),
	('E8N',516),
	('E8P',517),
	('E8R',518),
	('E8S',519),
	('E8T',520),
	('E9A',521),
	('E9B',522),
	('E9C',523),
	('E9E',524),
	('E9G',525),
	('E9H',526),
	('A0A',527),
	('A0B',528),
	('A0C',529),
	('A0E',530),
	('A0G',531),
	('A0H',532),
	('A0J',533),
	('A0K',534),
	('A0L',535),
	('A0M',536),
	('A0N',537),
	('A0P',538),
	('A0R',539),
	('A1A',540),
	('A1B',541),
	('A1C',542),
	('A1E',543),
	('A1G',544),
	('A1H',545),
	('A1K',546),
	('A1L',547),
	('A1M',548),
	('A1N',549),
	('A1S',550),
	('A1V',551),
	('A1W',552),
	('A1X',553),
	('A1Y',554),
	('A2H',559),
	('A2N',560),
	('A2V',561),
	('A5A',562),
	('A8A',563),
	('B0C',564),
	('B0E',565),
	('B0H',566),
	('B0J',567),
	('B0K',568),
	('B0L',569),
	('B0M',570),
	('B0N',571),
	('B0P',572),
	('B0R',573),
	('B0S',574),
	('B0T',575),
	('B0V',576),
	('B0W',577),
	('B1A',578),
	('B1B',579),
	('B1C',580),
	('B1E',581),
	('B1G',582),
	('B1H',583),
	('B1J',584),
	('B1K',585),
	('B1L',586),
	('B1M',587),
	('B1N',588),
	('B1P',589),
	('B1R',590),
	('B1S',591),
	('B1T',592),
	('B1V',593),
	('B1W',594),
	('B1X',595),
	('B1Y',596),
	('B2A',597),
	('B2C',598),
	('B2E',599),
	('B2G',600),
	('B2H',601),
	('B2J',602),
	('B2N',603),
	('B6L',603),
	('B2R',604),
	('B2S',605),
	('B2T',606),
	('B2V',607),
	('B2W',608),
	('B2X',609),
	('B2Y',610),
	('B2Z',611),
	('B3A',612),
	('B3B',613),
	('B3E',614),
	('B3G',615),
	('B3H',616),
	('B3J',617),
	('B3K',618),
	('B3L',619),
	('B3M',620),
	('B3N',621),
	('B3P',622),
	('B3R',623),
	('B3S',624),
	('B3T',625),
	('B3V',626),
	('B3Z',627),
	('B4A',628),
	('B4B',629),
	('B4C',630),
	('B4E',631),
	('B4G',632),
	('B4H',633),
	('B4N',634),
	('B4P',635),
	('B4R',636),
	('B4V',637),
	('B5A',638),
	('B9A',639),
	('X0E',640),
	('X0G',641),
	('X1A',642),
	('X0A',643),
	('X0B',644),
	('X0C',645),
	('P0R',646),
	('N3P',647),
	('N3R',648),
	('N3S',649),
	('N3T',650),
	('N3V',651),
	('L0N',652),
	('K0H',653),
	('L0P',654),
	('L8E',656),
	('L8G',657),
	('L8H',658),
	('L8J',659),
	('L8K',660),
	('L8L',661),
	('L8M',662),
	('L8N',663),
	('L8P',664),
	('L8R',665),
	('L8S',666),
	('L8T',667),
	('L8V',668),
	('L8W',669),
	('L9A',670),
	('L9B',671),
	('L9C',672),
	('K0L',673),
	('K0J',674),
	('M3K',675),
	('M4E',676),
	('M4J',677),
	('M4K',678),
	('M4L',679),
	('M4M',680),
	('M4N',681),
	('M4P',682),
	('M4R',683),
	('M4S',684),
	('M4T',685),
	('M4V',686),
	('M4W',687),
	('M4X',688),
	('M4Y',689),
	('M5A',690),
	('M5B',691),
	('M5C',692),
	('M5E',693),
	('M5G',694),
	('M5H',695),
	('M5J',696),
	('M5K',697),
	('M5L',698),
	('M5N',699),
	('M5P',700),
	('M5R',701),
	('M5S',702),
	('M5T',703),
	('M5V',704),
	('M5W',705),
	('M5X',706),
	('M6G',707),
	('M6H',708),
	('M6J',709),
	('M6K',710),
	('M6P',711),
	('M6R',712),
	('M6S',713),
	('M7Y',714),
	('M8V',715),
	('K1A',716),
	('K1G',717),
	('K1H',718),
	('K1K',719),
	('K1L',720),
	('K1M',721),
	('K1N',722),
	('K1P',723),
	('K1R',724),
	('K1S',725),
	('K1V',726),
	('K1Y',727),
	('K1Z',728),
	('K2A',729),
	('K2B',730),
	('K2C',731),
	('K2P',732),
	('K0A',733),
	('K0B',734),
	('K0C',735),
	('K0E',736),
	('K0G',737),
	('K0K',738),
	('K0M',739),
	('K1B',740),
	('K1C',741),
	('K1E',742),
	('K1J',743),
	('K1T',744),
	('K1W',745),
	('K1X',746),
	('K2E',747),
	('K2G',748),
	('K2H',749),
	('K2J',750),
	('K2K',751),
	('K2L',752),
	('K2M',753),
	('K2R',754),
	('K2S',755),
	('K2T',756),
	('K2V',757),
	('K2W',758),
	('K4A',759),
	('K4B',760),
	('K4C',761),
	('K4K',762),
	('K4M',763),
	('K4P',764),
	('K4R',765),
	('K6A',766),
	('K6H',767),
	('K6J',768),
	('K6K',769),
	('K6T',770),
	('K6V',771),
	('K7A',772),
	('K7C',773),
	('K7G',774),
	('K7H',775),
	('K7N',782),
	('K7R',785),
	('K7S',786),
	('K7V',787),
	('K8A',788),
	('K8B',789),
	('K8H',790),
	('K8N',791),
	('K8P',792),
	('K8R',793),
	('K8V',794),
	('K9A',795),
	('K9H',796),
	('K9J',797),
	('K9K',798),
	('K9L',799),
	('K9V',800),
	('L0A',801),
	('L0B',802),
	('L0C',803),
	('L0E',804),
	('L0G',805),
	('L0H',806),
	('L0J',807),
	('L0K',808),
	('L0L',809),
	('L0M',810),
	('L0R',811),
	('L0S',812),
	('L0V',813),
	('L1A',814),
	('L1B',815),
	('L1C',816),
	('L1E',817),
	('L1G',818),
	('L1H',819),
	('L1J',820),
	('L1K',821),
	('L1L',822),
	('L1M',823),
	('L1N',824),
	('L1P',825),
	('L1R',826),
	('L1S',827),
	('L1T',828),
	('L1V',829),
	('L1W',830),
	('L1X',831),
	('L1Y',832),
	('L1Z',833),
	('L2A',834),
	('L2E',835),
	('L2G',836),
	('L2H',837),
	('L2J',838),
	('L2M',839),
	('L2N',840),
	('L2P',841),
	('L2R',842),
	('L2S',843),
	('L2T',844),
	('L2V',845),
	('L2W',846),
	('L3B',847),
	('L3C',848),
	('L3K',849),
	('L3M',850),
	('L3P',851),
	('L3R',852),
	('L3S',853),
	('L3T',854),
	('L3V',855),
	('L3X',856),
	('L3Y',857),
	('L3Z',858),
	('L4A',859),
	('L4B',860),
	('L4C',861),
	('L4E',862),
	('L4G',863),
	('L4H',864),
	('L4J',865),
	('L4K',866),
	('L4L',867),
	('L4M',868),
	('L4N',869),
	('L4P',870),
	('L4R',871),
	('L4S',872),
	('L4T',873),
	('L4V',874),
	('L4W',875),
	('L4X',876),
	('L4Y',877),
	('L4Z',878),
	('L5A',879),
	('L5B',880),
	('L5C',881),
	('L5E',882),
	('L5G',883),
	('L5H',884),
	('L5J',885),
	('L5K',886),
	('L5L',887),
	('L5M',888),
	('L5N',889),
	('L5P',890),
	('L5R',891),
	('L5S',892),
	('L5T',893),
	('L5V',894),
	('L5W',895),
	('L6A',896),
	('L6B',897),
	('L6C',898),
	('L6E',899),
	('L6G',900),
	('L6H',901),
	('L6J',902),
	('L6K',903),
	('L6L',904),
	('L6M',905),
	('L6P',906),
	('L6R',907),
	('L6S',908),
	('L6T',909),
	('L6V',910),
	('L6W',911),
	('L6X',912),
	('L6Y',913),
	('L6Z',914),
	('L7A',915),
	('L7B',916),
	('L7C',917),
	('L7E',918),
	('L7G',919),
	('L7J',920),
	('L7K',921),
	('L7L',922),
	('L7M',923),
	('L7N',924),
	('L7P',925),
	('L7R',926),
	('L7S',927),
	('L7T',928),
	('L8B',929),
	('L9G',930),
	('L9H',931),
	('L9J',932),
	('L9K',933),
	('L9L',934),
	('L9M',935),
	('L9N',936),
	('L9P',937),
	('L9R',938),
	('L9S',939),
	('L9V',941),
	('L9W',942),
	('L9Y',946),
	('L9Z',947),
	('M1B',948),
	('M1C',949),
	('M1E',950),
	('M1G',951),
	('M1H',952),
	('M1J',953),
	('M1K',954),
	('M1L',955),
	('M1M',956),
	('M1N',957),
	('M1P',958),
	('M1R',959),
	('M1S',960),
	('M1T',961),
	('M1V',962),
	('M1W',963),
	('M1X',964),
	('M2H',965),
	('M2J',966),
	('M2K',967),
	('M2L',968),
	('M2M',969),
	('M2N',970),
	('M2P',971),
	('M2R',972),
	('M3A',973),
	('M3B',974),
	('M3C',975),
	('M3H',976),
	('M3J',977),
	('M3L',978),
	('M3M',979),
	('M3N',980),
	('M4A',981),
	('M4B',982),
	('M4C',983),
	('M4G',984),
	('M4H',985),
	('M5M',986),
	('M6A',987),
	('M6B',988),
	('M6C',989),
	('M6E',990),
	('M6L',991),
	('M6M',992),
	('M6N',993),
	('M7A',994),
	('M8W',995),
	('M8X',996),
	('M8Y',997),
	('M8Z',998),
	('M9A',999),
	('M9B',1000),
	('M9C',1001),
	('M9L',1002),
	('M9M',1003),
	('M9N',1004),
	('M9P',1005),
	('M9R',1006),
	('M9V',1007),
	('M9W',1008),
	('N0A',1009),
	('N0B',1010),
	('N0C',1011),
	('N0E',1012),
	('N0G',1013),
	('N0H',1014),
	('N0J',1015),
	('N0K',1016),
	('N0L',1017),
	('N0M',1018),
	('N0N',1019),
	('N0P',1020),
	('N0R',1021),
	('N1A',1022),
	('N1C',1023),
	('N1E',1024),
	('N1G',1025),
	('N1H',1026),
	('N1K',1027),
	('N1L',1028),
	('N1M',1029),
	('N1P',1030),
	('N1R',1031),
	('N1S',1032),
	('N1T',1033),
	('N2A',1034),
	('N2B',1035),
	('N2C',1036),
	('N2E',1037),
	('N2G',1038),
	('N2H',1039),
	('N2J',1040),
	('N2K',1041),
	('N2L',1042),
	('N2M',1043),
	('N2N',1044),
	('N2P',1045),
	('N2R',1046),
	('N2T',1047),
	('N2V',1048),
	('N2Z',1049),
	('N3A',1050),
	('N3B',1051),
	('N3C',1052),
	('N3E',1053),
	('N3H',1054),
	('N3L',1055),
	('N3W',1056),
	('N3Y',1057),
	('N4B',1058),
	('N4G',1059),
	('N4K',1060),
	('N4L',1061),
	('N4N',1062),
	('N4W',1069),
	('N4X',1070),
	('N4Z',1071),
	('N5A',1072),
	('N5C',1073),
	('N5L',1076),
	('N5P',1077),
	('N5R',1078),
	('N5V',1079),
	('N5W',1080),
	('N5X',1081),
	('N5Y',1082),
	('N5Z',1083),
	('N6A',1084),
	('N6B',1085),
	('N6C',1086),
	('N6E',1087),
	('N6G',1088),
	('N6H',1089),
	('N6J',1090),
	('N6K',1091),
	('N6L',1092),
	('N6M',1093),
	('N6N',1094),
	('N6P',1095),
	('N7A',1096),
	('N7G',1097),
	('N7S',1102),
	('N7T',1103),
	('N7V',1104),
	('N7W',1105),
	('N7X',1106),
	('N8A',1107),
	('N8H',1108),
	('N8M',1109),
	('N8N',1110),
	('N8V',1119),
	('N9H',1136),
	('N9J',1137),
	('N9K',1138),
	('N9V',1139),
	('N9Y',1140),
	('P0A',1141),
	('P0B',1142),
	('P0C',1143),
	('P0E',1144),
	('P0G',1145),
	('P0H',1146),
	('P0J',1147),
	('P0K',1148),
	('P0L',1149),
	('P0M',1150),
	('P0N',1151),
	('P0P',1152),
	('P0S',1153),
	('P0T',1154),
	('P0V',1155),
	('P0W',1156),
	('P0X',1157),
	('P0Y',1158),
	('P1A',1159),
	('P1B',1160),
	('P1C',1161),
	('P1H',1162),
	('P1L',1163),
	('P1P',1164),
	('P2A',1165),
	('P2B',1166),
	('P2N',1167),
	('P3A',1168),
	('P3B',1169),
	('P3C',1170),
	('P3E',1171),
	('P3G',1172),
	('P3L',1173),
	('P3N',1174),
	('P3P',1175),
	('P3Y',1176),
	('P4N',1177),
	('P4P',1178),
	('P4R',1179),
	('P5A',1180),
	('P5E',1181),
	('P5N',1182),
	('P6A',1183),
	('P6B',1184),
	('P6C',1185),
	('P7A',1186),
	('P7B',1187),
	('P7C',1188),
	('P7E',1189),
	('P7G',1190),
	('P7J',1191),
	('P7K',1192),
	('P7L',1193),
	('P8N',1194),
	('P8T',1195),
	('P9A',1196),
	('P9N',1197),
	('C0B',1198),
	('C1A',1201),
	('C1B',1202),
	('C1C',1203),
	('C1E',1204),
	('C1N',1205),
	('G4W',1206),
	('G5H',1207),
	('G5J',1208),
	('G5L',1209),
	('G5M',1209),
	('G5N',1209),
	('G5R',1210),
	('G7P',1211),
	('G8B',1212),
	('G8C',1212),
	('G8E',1212),
	('G8H',1213),
	('G8J',1214),
	('G8K',1215),
	('G8L',1216),
	('G8M',1217),
	('G8N',1218),
	('G0A',1219),
	('G1A',1220),
	('G1J',1220),
	('G1K',1220),
	('G1L',1220),
	('G1M',1220),
	('G1N',1220),
	('G1P',1220),
	('G1R',1220),
	('G1S',1220),
	('G1T',1220),
	('G2C',1220),
	('G2J',1220),
	('G2K',1220),
	('G2E',1221),
	('G3B',1222),
	('G3C',1223),
	('G3H',1224),
	('G3M',1225),
	('G3N',1226),
	('G3Z',1227),
	('G4A',1228),
	('G5A',1229),
	('G0X',1230),
	('G9X',1231),
	('J5V',1232),
	('J0B',1233),
	('J1T',1235),
	('J1X',1236),
	('H1B',1237),
	('H1G',1238),
	('H1H',1239),
	('H2Y',1240),
	('H2Z',1241),
	('H3A',1242),
	('H3B',1243),
	('H3G',1244),
	('H3H',1245),
	('H3X',1246),
	('H3Y',1247),
	('H3Z',1247),
	('H4W',1248),
	('H4X',1249),
	('H9J',1250),
	('H9P',1251),
	('H9R',1252),
	('H9W',1253),
	('J0X',1254),
	('J8N',1255),
	('J9B',1256),
	('J9E',1257),
	('J0Z',1258),
	('J9P',1259),
	('J9T',1260),
	('J9V',1261),
	('J9Z',1262),
	('G0G',1263),
	('G4S',1264),
	('G5B',1265),
	('G8P',1266),
	('G4X',1267),
	('G5V',1268),
	('G5X',1269),
	('G5Y',1270),
	('G5Z',1270),
	('G6A',1270),
	('G6E',1271),
	('G6G',1272),
	('G6V',1273),
	('G6W',1273),
	('G6Y',1273),
	('H7N',1274),
	('H7R',1275),
	('J0K',1276),
	('J5M',1277),
	('J5T',1278),
	('J5X',1279),
	('J5Y',1280),
	('J5Z',1280),
	('J6A',1280),
	('J6V',1281),
	('J6W',1281),
	('J6X',1281),
	('J6Y',1281),
	('J7K',1282),
	('J7L',1282),
	('J0T',1283),
	('J5K',1284),
	('J5L',1285),
	('J7Y',1285),
	('J7Z',1285),
	('J7E',1286),
	('J7P',1287),
	('J7R',1287),
	('J8A',1288),
	('J8B',1289),
	('J8E',1290),
	('J8H',1291),
	('J9L',1292),
	('J0J',1293),
	('J0L',1294),
	('J0S',1295),
	('J2G',1296),
	('J2H',1296),
	('J2J',1296),
	('J2K',1297),
	('J2L',1298),
	('J2M',1299),
	('J2N',1300),
	('J2R',1301),
	('J2S',1301),
	('J2T',1301),
	('J2X',1302),
	('J2Y',1302),
	('J3A',1302),
	('J3B',1302),
	('J3E',1303),
	('J3G',1304),
	('J3L',1305),
	('J3M',1306),
	('J3X',1307),
	('J4B',1308),
	('J4P',1309),
	('J4R',1309),
	('J4S',1309),
	('J4W',1310),
	('J4X',1310),
	('J4Y',1310),
	('J4Z',1310),
	('J5A',1311),
	('J5B',1312),
	('J5C',1313),
	('J5R',1314),
	('J6J',1315),
	('J6K',1315),
	('J6N',1316),
	('J6R',1317),
	('J6S',1318),
	('J6T',1318),
	('J7V',1319),
	('G0P',1320),
	('G0Z',1321),
	('G6L',1322),
	('G6P',1323),
	('G6T',1323),
	('J0A',1324),
	('J0C',1325),
	('J2A',1326),
	('J2C',1326),
	('J2E',1326),
	('J3T',1327),
	('G0B',1328),
	('G0C',1329),
	('G0E',1330),
	('G0H',1331),
	('G0J',1332),
	('G0K',1333),
	('G0L',1334),
	('G0M',1335),
	('G0N',1336),
	('G0R',1337),
	('G0S',1338),
	('G0T',1339),
	('G0V',1340),
	('G0W',1341),
	('G0Y',1342),
	('G1B',1343),
	('G1C',1344),
	('G1E',1345),
	('G1G',1346),
	('G1H',1347),
	('G1V',1348),
	('G1W',1349),
	('G1X',1350),
	('G1Y',1351),
	('G2A',1352),
	('G2B',1353),
	('G2G',1354),
	('G2L',1355),
	('G2M',1356),
	('G2N',1357),
	('G3A',1358),
	('G3E',1359),
	('G3G',1360),
	('G3J',1361),
	('G3K',1362),
	('G3L',1363),
	('G4R',1364),
	('G4T',1365),
	('G4V',1366),
	('G4Z',1367),
	('G5C',1368),
	('G5T',1369),
	('G6B',1370),
	('G6C',1371),
	('G6H',1372),
	('G6J',1373),
	('G6K',1374),
	('G6R',1375),
	('G6S',1376),
	('G6X',1377),
	('G6Z',1378),
	('G7A',1379),
	('G7B',1380),
	('G7G',1381),
	('G7H',1382),
	('G7J',1383),
	('G7K',1384),
	('G7N',1385),
	('G7S',1386),
	('G7T',1387),
	('G7X',1388),
	('G7Y',1389),
	('G7Z',1390),
	('G8A',1391),
	('G8G',1392),
	('G8T',1393),
	('G8V',1394),
	('G8W',1395),
	('G8Y',1396),
	('G8Z',1397),
	('G9A',1398),
	('G9B',1399),
	('G9C',1400),
	('G9H',1401),
	('G9N',1402),
	('G9P',1403),
	('G9R',1404),
	('G9T',1405),
	('H0H',1406),
	('H0M',1407),
	('H1A',1408),
	('H1C',1409),
	('H1E',1410),
	('H1J',1411),
	('H1K',1412),
	('H1L',1413),
	('H1M',1414),
	('H1N',1415),
	('H1T',1422),
	('H1V',1423),
	('H1W',1424),
	('H1X',1425),
	('H1Y',1426),
	('H1Z',1427),
	('H2A',1428),
	('H2B',1429),
	('H2C',1430),
	('H2E',1431),
	('H2G',1432),
	('H2H',1433),
	('H2J',1434),
	('H2K',1435),
	('H2L',1436),
	('H2M',1437),
	('H2N',1438),
	('H2P',1439),
	('H2R',1440),
	('H2S',1441),
	('H2T',1442),
	('H2V',1443),
	('H2W',1444),
	('H2X',1445),
	('H3C',1446),
	('H3E',1447),
	('H3J',1448),
	('H3K',1449),
	('H3L',1450),
	('H3M',1451),
	('H3N',1452),
	('H3P',1453),
	('H3R',1454),
	('H3S',1455),
	('H3T',1456),
	('H3V',1457),
	('H3W',1458),
	('H4A',1459),
	('H4B',1460),
	('H4C',1461),
	('H4E',1462),
	('H4G',1463),
	('H4H',1464),
	('H4J',1465),
	('H4K',1466),
	('H4L',1467),
	('H4M',1468),
	('H4N',1469),
	('H4P',1470),
	('H4R',1471),
	('H4S',1472),
	('H4T',1473),
	('H4V',1474),
	('H4Y',1475),
	('H4Z',1476),
	('H5A',1477),
	('H5B',1478),
	('H7A',1479),
	('H7B',1480),
	('H7C',1481),
	('H7E',1482),
	('H7G',1483),
	('H7H',1484),
	('H7J',1485),
	('H7K',1486),
	('H7L',1487),
	('H7M',1488),
	('H7P',1489),
	('H7S',1490),
	('H7T',1491),
	('H7V',1492),
	('H7W',1493),
	('H7X',1494),
	('H7Y',1495),
	('H8N',1496),
	('H8P',1497),
	('H8R',1498),
	('H8S',1499),
	('H8T',1500),
	('H8Y',1501),
	('H8Z',1502),
	('H9A',1503),
	('H9B',1504),
	('H9C',1505),
	('H9E',1506),
	('H9G',1507),
	('H9H',1508),
	('H9K',1509),
	('H9S',1510),
	('H9X',1511),
	('J0E',1512),
	('J0G',1513),
	('J0H',1514),
	('J0M',1515),
	('J0N',1516),
	('J0P',1517),
	('J0R',1518),
	('J0V',1519),
	('J0W',1520),
	('J0Y',1521),
	('J1A',1522),
	('J1C',1523),
	('J1E',1524),
	('J1G',1525),
	('J1H',1526),
	('J1J',1527),
	('J1K',1528),
	('J1L',1529),
	('J1M',1530),
	('J1N',1531),
	('J1R',1532),
	('J1Z',1533),
	('J2B',1534),
	('J2W',1535),
	('J3H',1536),
	('J3N',1537),
	('J3P',1538),
	('J3R',1539),
	('J3V',1540),
	('J3Y',1541),
	('J3Z',1542),
	('J4G',1543),
	('J4H',1544),
	('J4J',1545),
	('J4K',1546),
	('J4L',1547),
	('J4M',1548),
	('J4N',1549),
	('J4T',1550),
	('J4V',1551),
	('J5J',1552),
	('J5W',1553),
	('J6E',1554),
	('J6Z',1555),
	('J7A',1556),
	('J7B',1557),
	('J7C',1558),
	('J7G',1559),
	('J7H',1560),
	('J7J',1561),
	('J7M',1562),
	('J7N',1563),
	('J7T',1564),
	('J7W',1565),
	('J7X',1566),
	('J8C',1567),
	('J8L',1570),
	('J8M',1571),
	('J8P',1572),
	('J8R',1573),
	('J8T',1574),
	('J8V',1575),
	('J8X',1576),
	('J8Y',1577),
	('J8Z',1578),
	('J9A',1579),
	('J9X',1584),
	('J9Y',1585),
	('S0A',1586),
	('S0C',1587),
	('S0E',1588),
	('S0G',1589),
	('S0H',1590),
	('S0J',1591),
	('S0K',1592),
	('S0L',1593),
	('S0M',1594),
	('S0N',1595),
	('S0P',1596),
	('S2V',1597),
	('S3N',1598),
	('S4A',1599),
	('S4H',1600),
	('S4K',1601),
	('S4L',1602),
	('S4M',1603),
	('S4N',1604),
	('S4P',1605),
	('S4R',1606),
	('S4S',1607),
	('S4T',1608),
	('S4V',1609),
	('S4W',1610),
	('S4X',1611),
	('S4Y',1612),
	('S4Z',1613),
	('S6H',1614),
	('S6J',1615),
	('S6K',1616),
	('S6V',1617),
	('S6W',1618),
	('S6X',1619),
	('S7H',1620),
	('S7J',1621),
	('S7K',1622),
	('S7L',1623),
	('S7M',1624),
	('S7N',1625),
	('S7P',1626),
	('S7R',1627),
	('S7S',1628),
	('S7T',1629),
	('S7V',1630),
	('S7W',1631),
	('S9A',1632),
	('S9H',1633),
	('S9X',1634),
	('Y0A',1635),
	('Y0B',1636),
	('Y1A',1637);


# Dump of table Province
# ------------------------------------------------------------

INSERT INTO `Province` (`province_code`, `province`)
VALUES
	('AB','Alberta'),
	('BC','British Columbia'),
	('MB','Manitoba'),
	('NB','New Brunswick'),
	('NL','Newfoundland and Labrador'),
	('NS','Nova Scotia'),
	('NT','Northwest Territory'),
	('NU','Nunavut Territory'),
	('ON','Ontario'),
	('PE','Prince Edward Island'),
	('QC','Quebec'),
	('SK','Saskatchewan'),
	('YT','Yukon');


# Dump of table Region
# ------------------------------------------------------------

INSERT INTO `Region` (`region_id`, `region_name`, `alert_id`, `province_code`)
VALUES
	(1,'Eastern Alberta (St. Paul)',1,'AB'),
	(2,'Wainwright Region (Tofield)',1,'AB'),
	(3,'Central Alberta (Stettler)',1,'AB'),
	(4,'Western Alberta (Jasper)',1,'AB'),
	(5,'North Central Alberta (Slave Lake)',1,'AB'),
	(6,'Northwestern Alberta (High Level)',1,'AB'),
	(7,'Southeastern Alberta (Drumheller)',1,'AB'),
	(8,'International Border Region (Cardston)',1,'AB'),
	(9,'Kananaskis Country (Claresholm)',1,'AB'),
	(10,'Central Foothills (Sundre)',1,'AB'),
	(11,'Northeastern Alberta (Fort Chipewyan)',1,'AB'),
	(12,'Remote Northeast (Fitzgerald)',1,'AB'),
	(13,'Medicine Hat ',1,'AB'),
	(14,'Taber',1,'AB'),
	(15,'Lethbridge',1,'AB'),
	(16,'Banff',1,'AB'),
	(17,'Coaldale',1,'AB'),
	(18,'Strathmore',1,'AB'),
	(19,'Brooks',1,'AB'),
	(20,'Okotoks',1,'AB'),
	(21,'High River',1,'AB'),
	(22,'Canmore',1,'AB'),
	(23,'Chestermere',1,'AB'),
	(24,'Calgary',1,'AB'),
	(25,'Rocky View',1,'AB'),
	(26,'Redwood Meadows',1,'AB'),
	(27,'Airdrie',1,'AB'),
	(28,'Cochrane',1,'AB'),
	(29,'Red Deer ',1,'AB'),
	(30,'Innisfail',1,'AB'),
	(31,'Olds',1,'AB'),
	(32,'Ponoka',1,'AB'),
	(33,'Lacombe',1,'AB'),
	(34,'Blackfalds',1,'AB'),
	(35,'Sylvan Lake',1,'AB'),
	(36,'Rocky Mountain House',1,'AB'),
	(37,'Camrose',1,'AB'),
	(38,'Beaumont',1,'AB'),
	(39,'Edmonton',1,'AB'),
	(40,'Drayton Valley',1,'AB'),
	(41,'Edson',1,'AB'),
	(42,'Barrhead',1,'AB'),
	(43,'Westlock',1,'AB'),
	(44,'Whitecourt',1,'AB'),
	(45,'Hinton',1,'AB'),
	(46,'Spruce Grove ',1,'AB'),
	(47,'Stony Plain',1,'AB'),
	(48,'Sherwood Park ',1,'AB'),
	(49,'Fort Saskatchewan',1,'AB'),
	(50,'St. Albert',1,'AB'),
	(51,'Morinville',1,'AB'),
	(52,'Peace River',1,'AB'),
	(53,'Grande Prairie ',1,'AB'),
	(54,'Wetaskiwin',1,'AB'),
	(55,'Vegreville',1,'AB'),
	(56,'Leduc',1,'AB'),
	(57,'Devon',1,'AB'),
	(58,'Fort McMurray ',1,'AB'),
	(59,'Cold Lake',1,'AB'),
	(60,'Bonnyville',1,'AB'),
	(61,'Athabasca',1,'AB'),
	(62,'Lloydminster',1,'AB'),
	(63,'Wainwright',1,'AB'),
	(64,'Vermilion',1,'AB'),
	(65,'Vancouver',1,'BC'),
	(66,'Upper Columbia Region (Golden)',1,'BC'),
	(67,'East Kootenays (Fernie)',1,'BC'),
	(68,'Northern British Columbia (Fort Nelson)',1,'BC'),
	(69,'Central Okanagan and High Country (Revelstoke)',1,'BC'),
	(70,'West Kootenays (Rossland)',1,'BC'),
	(71,'South Okanagan (Summerland)',1,'BC'),
	(72,'Omineca and Yellowhead (Smithers)',1,'BC'),
	(73,'Cariboo and West Okanagan (100 Mile House)',1,'BC'),
	(74,'Chilcotin (Alexis Creek)',1,'BC'),
	(75,'Harrison Lake Region (Agassiz)',1,'BC'),
	(76,'North Island, Sunshine Coast, and Southern Gulf Islands (Whistler)',1,'BC'),
	(77,'North Central Island and Bute Inlet Region (Gold River)',1,'BC'),
	(78,'Central Island (Chemainus)',1,'BC'),
	(79,'Juan de Fuca Shore (Sooke)',1,'BC'),
	(80,'Inside Passage and the Queen Charlottes (Queen Charlotte City)',1,'BC'),
	(81,'Lower Skeena (Port Edward)',1,'BC'),
	(82,'Atlin Region (Atlin)',1,'BC'),
	(83,'Similkameen (Hope)',1,'BC'),
	(84,'Kimberley',1,'BC'),
	(85,'Vernon',1,'BC'),
	(86,'Cranbrook',1,'BC'),
	(87,'Salmon Arm',1,'BC'),
	(88,'Dawson Creek',1,'BC'),
	(89,'Fort St. John',1,'BC'),
	(90,'Merritt',1,'BC'),
	(91,'Nelson',1,'BC'),
	(92,'Langley Township North',1,'BC'),
	(93,'Castlegar',1,'BC'),
	(94,'Kelowna',1,'BC'),
	(95,'Trail',1,'BC'),
	(96,'Kamloops Southwest',1,'BC'),
	(97,'Penticton',1,'BC'),
	(98,'Kamloops',1,'BC'),
	(99,'Williams Lake',1,'BC'),
	(100,'Quesnel',1,'BC'),
	(101,'Prince George ',1,'BC'),
	(102,'Chilliwack',1,'BC'),
	(103,'Abbotsford',1,'BC'),
	(104,'Mission East',1,'BC'),
	(105,'Maple Ridge ',1,'BC'),
	(106,'Langley Township ',1,'BC'),
	(107,'Langley City',1,'BC'),
	(108,'Port Coquitlam ',1,'BC'),
	(109,'Abbotsford East',1,'BC'),
	(110,'Port Moody',1,'BC'),
	(111,'Coquitlam',1,'BC'),
	(112,'New Westminster ',1,'BC'),
	(113,'Burnaby (East Big Bend / Stride Avenue / Edmonds / Cariboo-Armstrong)',1,'BC'),
	(114,'Surrey',1,'BC'),
	(115,'Pitt Meadows',1,'BC'),
	(116,'White Rock',1,'BC'),
	(117,'Delta',1,'BC'),
	(118,'Maple Ridge Northwest',1,'BC'),
	(119,'Mission West',1,'BC'),
	(120,'Westbank',1,'BC'),
	(121,'Winfield',1,'BC'),
	(122,'Langley Township East',1,'BC'),
	(123,'Abbotsford West',1,'BC'),
	(124,'Chilliwack East',1,'BC'),
	(125,'Burnaby',1,'BC'),
	(126,'Richmond',1,'BC'),
	(127,'Powell River',1,'BC'),
	(128,'Squamish',1,'BC'),
	(129,'Kitimat',1,'BC'),
	(130,'Terrace',1,'BC'),
	(131,'Prince Rupert',1,'BC'),
	(132,'Saltspring Island',1,'BC'),
	(133,'Sidney',1,'BC'),
	(134,'Central Saanich',1,'BC'),
	(135,'Saanich',1,'BC'),
	(136,'Oak Bay ',1,'BC'),
	(137,'Victoria',1,'BC'),
	(138,'Esquimalt',1,'BC'),
	(139,'Highlands',1,'BC'),
	(140,'Metchosin',1,'BC'),
	(141,'Saanich West',1,'BC'),
	(142,'Ladysmith',1,'BC'),
	(143,'Campbell River ',1,'BC'),
	(144,'Courtenay',1,'BC'),
	(145,'Qualicum Beach',1,'BC'),
	(146,'Duncan',1,'BC'),
	(147,'Comox',1,'BC'),
	(148,'Parksville',1,'BC'),
	(149,'Nanaimo',1,'BC'),
	(150,'Cedar',1,'BC'),
	(151,'Port Alberni',1,'BC'),
	(152,'Sooke',1,'BC'),
	(153,'Southeastern Manitoba (Lorette)',1,'MB'),
	(154,'Northern Manitoba (Norway House)',1,'MB'),
	(155,'North Interlake (Stonewall)',1,'MB'),
	(156,'Eastern Manitoba (Beausejour)',1,'MB'),
	(157,'South',1,'MB'),
	(158,'Riding Mountain (Neepawa)',1,'MB'),
	(159,'Brandon Region (Killarney)',1,'MB'),
	(160,'Western Manitoba (Swan River)',1,'MB'),
	(161,'Southwestern Manitoba (Virden)',1,'MB'),
	(162,'Selkirk',1,'MB'),
	(163,'Lockport',1,'MB'),
	(164,'Narol',1,'MB'),
	(165,'Portage la Prairie',1,'MB'),
	(166,'Winnipeg',1,'MB'),
	(167,'East St. Paul',1,'MB'),
	(168,'West St. Paul',1,'MB'),
	(169,'Oak Bluff',1,'MB'),
	(170,'Headingley',1,'MB'),
	(171,'Cartier',1,'MB'),
	(172,'St. Francois Xavier',1,'MB'),
	(173,'St. Adolphe',1,'MB'),
	(174,'Steinbach',1,'MB'),
	(175,'Ste. Anne',1,'MB'),
	(176,'Morden',1,'MB'),
	(177,'Winkler',1,'MB'),
	(178,'Brandon',1,'MB'),
	(179,'Dauphin',1,'MB'),
	(180,'Flin Flon',1,'MB'),
	(181,'Thompson',1,'MB'),
	(182,'The Pas',1,'MB'),
	(183,'Dieppe Moncton East',1,'NB'),
	(184,'Riverview',1,'NB'),
	(185,'Moncton',1,'NB'),
	(186,'Lakeville, Shediac Bridge',1,'NB'),
	(187,'Coverdale',1,'NB'),
	(188,'Miramichi',1,'NB'),
	(189,'Caraquet',1,'NB'),
	(190,'Tracadie-Sheila',1,'NB'),
	(191,'Bathurst',1,'NB'),
	(192,'Rothesay, Quispamsis',1,'NB'),
	(193,'Quispamsis',1,'NB'),
	(194,'Saint John ',1,'NB'),
	(195,'Oromocto',1,'NB'),
	(196,'Fredericton',1,'NB'),
	(197,'Kingsclear',1,'NB'),
	(198,'St. Stephen',1,'NB'),
	(199,'Campbellton',1,'NB'),
	(200,'Edmundston',1,'NB'),
	(201,'Grand Falls ',1,'NB'),
	(202,'Minto',1,'NB'),
	(203,'Youngs Cove',1,'NB'),
	(204,'Sussex',1,'NB'),
	(205,'Smiths Creek',1,'NB'),
	(206,'Hillsborough',1,'NB'),
	(207,'Salisbury',1,'NB'),
	(208,'Dorchester',1,'NB'),
	(209,'Sackville',1,'NB'),
	(210,'Bayfield',1,'NB'),
	(211,'Cap-Pelé',1,'NB'),
	(212,'Shediac',1,'NB'),
	(213,'Cocagne',1,'NB'),
	(214,'Bouctouche',1,'NB'),
	(215,'Bass River',1,'NB'),
	(216,'Saint-Antoine',1,'NB'),
	(217,'Richibucto',1,'NB'),
	(218,'St-Louis-de-Kent',1,'NB'),
	(219,'Rogersville',1,'NB'),
	(220,'Petitcodiac',1,'NB'),
	(221,'Moores Mills',1,'NB'),
	(222,'St. Andrews',1,'NB'),
	(223,'St. George',1,'NB'),
	(224,'Campobello Island',1,'NB'),
	(225,'Grand',1,'NB'),
	(226,'Pennfield',1,'NB'),
	(227,'Lepreau',1,'NB'),
	(228,'Fredericton Junction',1,'NB'),
	(229,'Gagetown',1,'NB'),
	(230,'Hampton',1,'NB'),
	(231,'Apohaqui',1,'NB'),
	(232,'St. Martins',1,'NB'),
	(233,'Kingston',1,'NB'),
	(234,'Norton',1,'NB'),
	(235,'Deer Island',1,'NB'),
	(236,'Boiestown',1,'NB'),
	(237,'Stanley',1,'NB'),
	(238,'Durham Bridge',1,'NB'),
	(239,'Millville',1,'NB'),
	(240,'Nackawic',1,'NB'),
	(241,'Canterbury',1,'NB'),
	(242,'McAdam',1,'NB'),
	(243,'Harvey',1,'NB'),
	(244,'Burtts Corner',1,'NB'),
	(245,'Baker Brook',1,'NB'),
	(246,'Saint-Jacques',1,'NB'),
	(247,'Saint-Basile',1,'NB'),
	(248,'Saint-Leonard',1,'NB'),
	(249,'Plaster Rock',1,'NB'),
	(250,'Perth-Andover',1,'NB'),
	(251,'Bath',1,'NB'),
	(252,'Centreville',1,'NB'),
	(253,'Florenceville',1,'NB'),
	(254,'Woodstock',1,'NB'),
	(255,'Debec',1,'NB'),
	(256,'Hartland',1,'NB'),
	(257,'Saint-Quentin',1,'NB'),
	(258,'Kedgwick',1,'NB'),
	(259,'Dalhousie',1,'NB'),
	(260,'Balmoral',1,'NB'),
	(261,'Belledune',1,'NB'),
	(262,'Petit-Rocher',1,'NB'),
	(263,'Beresford',1,'NB'),
	(264,'Allardville',1,'NB'),
	(265,'Saint-Isidore',1,'NB'),
	(266,'Grande-Anse',1,'NB'),
	(267,'Inkerman',1,'NB'),
	(268,'Paquetville',1,'NB'),
	(269,'Shippagan',1,'NB'),
	(270,'Lamèque',1,'NB'),
	(271,'Baie-Sainte-Anne',1,'NB'),
	(272,'Blackville',1,'NB'),
	(273,'Doaktown',1,'NB'),
	(274,'Red Bank',1,'NB'),
	(275,'Neguac',1,'NB'),
	(276,'Brantville',1,'NB'),
	(277,'Southeastern Avalon Peninsula (Ferryland)',1,'NL'),
	(278,'Western',1,'NL'),
	(279,'Bonavista Peninsula (Bonavista)',1,'NL'),
	(280,'Burin Peninsula (Marystown)',1,'NL'),
	(281,'Northeast Newfoundland (Lewisporte)',1,'NL'),
	(282,'Central Newfoundland (Bishops Falls)',1,'NL'),
	(283,'Northern Newfoundland (Springdale)',1,'NL'),
	(284,'Northwest Newfoundland/Eastern Labrador (Mary\'s Harbour)',1,'NL'),
	(285,'Southwestern Newfoundland (Channel-Port aux Basques)',1,'NL'),
	(286,'Port au Port Peninsula region (St. George\'s)',1,'NL'),
	(287,'Central Labrador (Happy Valley-Goose Bay)',1,'NL'),
	(288,'North/Western Labrador (Churchill Falls)',1,'NL'),
	(289,'St. John\'s ',1,'NL'),
	(290,'Torbay',1,'NL'),
	(291,'Paradise',1,'NL'),
	(292,'Portugal Cove-St. Philips',1,'NL'),
	(293,'Mount Pearl',1,'NL'),
	(294,'Goulds',1,'NL'),
	(295,'Gander',1,'NL'),
	(296,'Manuels',1,'NL'),
	(297,'Conception Bay',1,'NL'),
	(298,'Carbonear',1,'NL'),
	(299,'Grand Falls',1,'NL'),
	(300,'Windsor',1,'NL'),
	(301,'Corner Brook',1,'NL'),
	(302,'Stephenville',1,'NL'),
	(303,'Labrador City',1,'NL'),
	(304,'Clarenville',1,'NL'),
	(305,'Deer Lake',1,'NL'),
	(306,'North Victoria County (Dingwall)',1,'NS'),
	(307,'West Cape Breton Island (Baddeck)',1,'NS'),
	(308,'Canso region (Havre Boucher)',1,'NS'),
	(309,'Mainland east shore (Lunenburg)',1,'NS'),
	(310,'Southern Northumberland Strait (Pictou)',1,'NS'),
	(311,'Isthmus of Chignecto (River Hébert)',1,'NS'),
	(312,'Cobequid Bay north shore (Springhill)',1,'NS'),
	(313,'Hants County (Shubenacadie)',1,'NS'),
	(314,'Kings County (Kingston)',1,'NS'),
	(315,'West Lunenburg County (New Germany)',1,'NS'),
	(316,'West Annapolis County (Middleton)',1,'NS'),
	(317,'Queens County (Shelburne)',1,'NS'),
	(318,'Digby Neck (Digby)',1,'NS'),
	(319,'Southwest Mainland (Weymouth)',1,'NS'),
	(320,'Glace Bay',1,'NS'),
	(321,'Port Morien',1,'NS'),
	(322,'Louisbourg',1,'NS'),
	(323,'Reserve Mines',1,'NS'),
	(324,'Dominion',1,'NS'),
	(325,'New Waterford',1,'NS'),
	(326,'East Bay',1,'NS'),
	(327,'Marion Bridge',1,'NS'),
	(328,'Sydney',1,'NS'),
	(329,'Christmas Island',1,'NS'),
	(330,'North Sydney North',1,'NS'),
	(331,'Eskasoni',1,'NS'),
	(332,'Big Bras d\'Or',1,'NS'),
	(333,'Alder Point',1,'NS'),
	(334,'North Sydney South Central',1,'NS'),
	(335,'Iona',1,'NS'),
	(336,'Loch Lomond',1,'NS'),
	(337,'Antigonish',1,'NS'),
	(338,'New Glasgow',1,'NS'),
	(339,'Fourchu',1,'NS'),
	(340,'Truro',1,'NS'),
	(341,'Waverley',1,'NS'),
	(342,'Lantz',1,'NS'),
	(343,'Enfield',1,'NS'),
	(344,'Dartmouth',1,'NS'),
	(345,'Porters Lake',1,'NS'),
	(346,'Eastern Passage',1,'NS'),
	(347,'Halifax',1,'NS'),
	(348,'Lakeside',1,'NS'),
	(349,'Harrietsfield',1,'NS'),
	(350,'Tantallon',1,'NS'),
	(351,'Bedford',1,'NS'),
	(352,'Lower Sackville ',1,'NS'),
	(353,'Amherst',1,'NS'),
	(354,'Kentville',1,'NS'),
	(355,'Wolfville',1,'NS'),
	(356,'Coldbrook',1,'NS'),
	(357,'Bridgewater',1,'NS'),
	(358,'Yarmouth',1,'NS'),
	(359,'Port Hawkesbury',1,'NS'),
	(360,'Central Northwest Territories (Inuvik)',1,'NT'),
	(361,'Southwestern Northwest Territories (Fort Liard)',1,'NT'),
	(362,'Yellowknife',1,'NT'),
	(363,'Outer Nunavut (Iqaluit)',1,'NU'),
	(364,'Central Nunavut (Cambridge Bay)',1,'NU'),
	(365,'Inner Nunavut (Rankin Inlet)',1,'NU'),
	(366,'Algoma',1,'ON'),
	(367,'Brant',1,'ON'),
	(368,'Dufferin County',1,'ON'),
	(369,'Frontenac County',1,'ON'),
	(370,'Halton',1,'ON'),
	(371,'Hamilton',1,'ON'),
	(372,'Peterborough County',1,'ON'),
	(373,'Renfrew County',1,'ON'),
	(374,'Toronto',1,'ON'),
	(375,'Ottawa',1,'ON'),
	(376,'National Capital Region (Almonte)',1,'ON'),
	(377,'Prescott and Russell United Counties (Alfred)',1,'ON'),
	(378,'Stormont, Dundas and Glengarry United Counties (Alexandria)',1,'ON'),
	(379,'South Leeds and Grenville United Counties (Prescott)',1,'ON'),
	(380,'Rideau Lakes area (Kemptville)',1,'ON'),
	(381,'Quinte Shores, East Northumberland County & Prince Edward County (Picton)',1,'ON'),
	(382,'Kawartha lakes and Haliburton County (Bobcaygeon)',1,'ON'),
	(383,'Gloucester',1,'ON'),
	(384,'Orleans (Queenswood)',1,'ON'),
	(385,'Nepean',1,'ON'),
	(386,'Kanata',1,'ON'),
	(387,'Stittsville',1,'ON'),
	(388,'Orleans (Fallingbrook)',1,'ON'),
	(389,'Cumberland Township',1,'ON'),
	(390,'Cumberland',1,'ON'),
	(391,'Rockland',1,'ON'),
	(392,'Manotick',1,'ON'),
	(393,'Greely',1,'ON'),
	(394,'Russell',1,'ON'),
	(395,'Hawkesbury',1,'ON'),
	(396,'Cornwall',1,'ON'),
	(397,'Elizabethtown',1,'ON'),
	(398,'Brockville',1,'ON'),
	(399,'Smiths Falls',1,'ON'),
	(400,'Carleton Place',1,'ON'),
	(401,'Gananoque',1,'ON'),
	(402,'Perth',1,'ON'),
	(403,'Kingston',1,'ON'),
	(404,'Amherstview',1,'ON'),
	(405,'Napanee',1,'ON'),
	(406,'Arnprior',1,'ON'),
	(407,'Renfrew',1,'ON'),
	(408,'Pembroke',1,'ON'),
	(409,'Petawawa',1,'ON'),
	(410,'Belleville',1,'ON'),
	(411,'Trenton',1,'ON'),
	(412,'Cobourg',1,'ON'),
	(413,'Peterborough',1,'ON'),
	(414,'Lindsay',1,'ON'),
	(415,'West Northumberland County (Millbrook)',1,'ON'),
	(416,'East Durham Regional Municipality (Orono)',1,'ON'),
	(417,'West Durham Regional Municipality (Sunderland)',1,'ON'),
	(418,'Lake Simcoe ',1,'ON'),
	(419,'Ontario Centre (Queensville)',1,'ON'),
	(420,'Whitby Region (Gormley)',1,'ON'),
	(421,'North Peel Regional Municipality (Kleinburg)',1,'ON'),
	(422,'Georgian Bay South Shore (Angus)',1,'ON'),
	(423,'East Haldimand County (Waterdown)',1,'ON'),
	(424,'Niagara Regional Municipality (Fonthill)',1,'ON'),
	(425,'Westminster Abbey',1,'ON'),
	(426,'Port Hope',1,'ON'),
	(427,'Bowmanville',1,'ON'),
	(428,'Courtice',1,'ON'),
	(429,'Oshawa',1,'ON'),
	(430,'Whitby',1,'ON'),
	(431,'Ajax',1,'ON'),
	(432,'Pickering',1,'ON'),
	(433,'Fort Erie',1,'ON'),
	(434,'Niagara Falls ',1,'ON'),
	(435,'St. Catharines ',1,'ON'),
	(436,'Welland',1,'ON'),
	(437,'Port Colborne',1,'ON'),
	(438,'Grimsby',1,'ON'),
	(439,'Markham',1,'ON'),
	(440,'Thornhill East',1,'ON'),
	(441,'Orillia',1,'ON'),
	(442,'Newmarket',1,'ON'),
	(443,'Bradford',1,'ON'),
	(444,'Stouffville',1,'ON'),
	(445,'Richmond Hill ',1,'ON'),
	(446,'Aurora',1,'ON'),
	(447,'Woodbridge',1,'ON'),
	(448,'Thornhill West',1,'ON'),
	(449,'Concord',1,'ON'),
	(450,'Barrie',1,'ON'),
	(451,'Keswick',1,'ON'),
	(452,'Midland',1,'ON'),
	(453,'Mississauga',1,'ON'),
	(454,'Maple',1,'ON'),
	(455,'Oakville',1,'ON'),
	(456,'Brampton',1,'ON'),
	(457,'Brampton West',1,'ON'),
	(458,'King City',1,'ON'),
	(459,'Caledon',1,'ON'),
	(460,'Bolton',1,'ON'),
	(461,'Georgetown',1,'ON'),
	(462,'Acton',1,'ON'),
	(463,'Caledon Village',1,'ON'),
	(464,'Burlington',1,'ON'),
	(465,'Waterdown',1,'ON'),
	(466,'Ancaster',1,'ON'),
	(467,'Dundas',1,'ON'),
	(468,'Port Perry',1,'ON'),
	(469,'Penetanguishene',1,'ON'),
	(470,'Holland Landing',1,'ON'),
	(471,'Uxbridge',1,'ON'),
	(472,'Alliston',1,'ON'),
	(473,'Innisfil',1,'ON'),
	(474,'Milton',1,'ON'),
	(475,'Orangeville',1,'ON'),
	(476,'Springwater',1,'ON'),
	(477,'Midhurst',1,'ON'),
	(478,'Minesing',1,'ON'),
	(479,'Collingwood',1,'ON'),
	(480,'Wasaga Beach',1,'ON'),
	(481,'Scarborough',1,'ON'),
	(482,'North York ',1,'ON'),
	(483,'Willowdale',1,'ON'),
	(484,'Don Mills ',1,'ON'),
	(485,'Downsview',1,'ON'),
	(486,'North York (Sweeney Park / Wigmore Park)',1,'ON'),
	(487,'East York ',1,'ON'),
	(488,'North York (Bedford Park / Lawrence Park West / Lawrence Manor East)',1,'ON'),
	(489,'York',1,'ON'),
	(490,'Queen\'s Park Ontario Provincial Government',1,'ON'),
	(491,'Etobicoke',1,'ON'),
	(492,'Weston',1,'ON'),
	(493,'West Haldimand (Port Dover)',1,'ON'),
	(494,'Wellington (Elora)',1,'ON'),
	(495,'Georgian Bay Southwest Shore (Dundalk)',1,'ON'),
	(496,'Brant and Norfolk (Waterford)',1,'ON'),
	(497,'Huron (Wingham)',1,'ON'),
	(498,'Bruce Peninsula (Wiarton)',1,'ON'),
	(499,'Oxford (Norwich)',1,'ON'),
	(500,'Perth (Mitchell)',1,'ON'),
	(501,'Elgin (Dorchester)',1,'ON'),
	(502,'Middlesex (Clinton)',1,'ON'),
	(503,'Lambton (Forest)',1,'ON'),
	(504,'Kent (Blenheim)',1,'ON'),
	(505,'Essex (Belle River)',1,'ON'),
	(506,'Dunnville',1,'ON'),
	(507,'Guelph',1,'ON'),
	(508,'Fergus',1,'ON'),
	(509,'Cambridge',1,'ON'),
	(510,'Kitchener',1,'ON'),
	(511,'Waterloo',1,'ON'),
	(512,'Kincardine',1,'ON'),
	(513,'Baden',1,'ON'),
	(514,'Elmira',1,'ON'),
	(515,'Paris',1,'ON'),
	(516,'Caledonia',1,'ON'),
	(517,'Simcoe',1,'ON'),
	(518,'Delhi',1,'ON'),
	(519,'Tillsonburg',1,'ON'),
	(520,'Owen Sound',1,'ON'),
	(521,'Meaford',1,'ON'),
	(522,'Hanover',1,'ON'),
	(523,'Woodstock',1,'ON'),
	(524,'Listowel',1,'ON'),
	(525,'St. Mary\'s',1,'ON'),
	(526,'Stratford South',1,'ON'),
	(527,'Stratford North',1,'ON'),
	(528,'Ingersoll',1,'ON'),
	(529,'Aylmer',1,'ON'),
	(530,'Port Stanley',1,'ON'),
	(531,'St. Thomas ',1,'ON'),
	(532,'London',1,'ON'),
	(533,'Goderich',1,'ON'),
	(534,'Strathroy',1,'ON'),
	(535,'Chatham',1,'ON'),
	(536,'Sarnia',1,'ON'),
	(537,'Wallaceburg',1,'ON'),
	(538,'Leamington',1,'ON'),
	(539,'Essex',1,'ON'),
	(540,'Tecumseh',1,'ON'),
	(541,'Windsor',1,'ON'),
	(542,'La Salle ',1,'ON'),
	(543,'Tecumseh Central',1,'ON'),
	(544,'Amherstburg',1,'ON'),
	(545,'Kingsville',1,'ON'),
	(546,'Nipissing',1,'ON'),
	(547,'Parry Sound ',1,'ON'),
	(548,'Timiskaming',1,'ON'),
	(549,'Cochrane Region (Hearst)',1,'ON'),
	(550,'Algoma, Sudbury District and Greater Sudbury (Chelmsford)',1,'ON'),
	(551,'Timmins Region (South Porcupine)',1,'ON'),
	(552,'Manitoulin (Little Current)',1,'ON'),
	(553,'Lake Superior ',1,'ON'),
	(554,'Northwestern Ontario (Red Lake)',1,'ON'),
	(555,'Rainy River Region (Emo)',1,'ON'),
	(556,'Kenora Region (Keewatin)',1,'ON'),
	(557,'Lake of the Woods East Shore (Ingolf)',1,'ON'),
	(558,'North Bay ',1,'ON'),
	(559,'Huntsville',1,'ON'),
	(560,'Bracebridge',1,'ON'),
	(561,'Gravenhurst',1,'ON'),
	(562,'Sturgeon Falls',1,'ON'),
	(563,'Kirkland Lake',1,'ON'),
	(564,'Greater Sudbury ',1,'ON'),
	(565,'Timmins',1,'ON'),
	(566,'Elliot Lake',1,'ON'),
	(567,'Espanola',1,'ON'),
	(568,'Kapuskasing',1,'ON'),
	(569,'Sault Ste. ',1,'ON'),
	(570,'Thunder Bay ',1,'ON'),
	(571,'Neebing',1,'ON'),
	(572,'Dryden',1,'ON'),
	(573,'Sioux Lookout',1,'ON'),
	(574,'Fort Frances',1,'ON'),
	(575,'Kenora',1,'ON'),
	(576,'Prince County',1,'PE'),
	(577,'Kings and Queens counties (Elmira)',1,'PE'),
	(578,'Montague',1,'PE'),
	(579,'Charlottetown',1,'PE'),
	(580,'Stratford',1,'PE'),
	(581,'Summerside',1,'PE'),
	(582,'Bas-Saint-Laurent',1,'QC'),
	(583,'Saguenay/Lac-Saint-Jean',1,'QC'),
	(584,'Capitale-Nationale',1,'QC'),
	(585,'Mauricie',1,'QC'),
	(586,'Estrie',1,'QC'),
	(587,'Montreal',1,'QC'),
	(588,'Outaouais',1,'QC'),
	(589,'Abitibi-Témiscamingue',1,'QC'),
	(590,'Côte-Nord',1,'QC'),
	(591,'Nord-du-Québec',1,'QC'),
	(592,'Gaspésie-Îles-de-la-Madeleine',1,'QC'),
	(593,'Chaudière-Appalaches',1,'QC'),
	(594,'Laval',1,'QC'),
	(595,'Lanaudière',1,'QC'),
	(596,'Laurentides',1,'QC'),
	(597,'Montérégie',1,'QC'),
	(598,'Centre-du-Québec',1,'QC'),
	(599,'Cap-aux-Meules',1,'QC'),
	(600,'Gaspésie-Sud (New Richmond)',1,'QC'),
	(601,'Gaspésie-Nord (Grande-Vallée)',1,'QC'),
	(602,'Manicouagan (Baie-Trinité)',1,'QC'),
	(603,'Gaspésie-Ouest (Causapscal)',1,'QC'),
	(604,'Bas-St-Laurent-Est (Sainte-Luce)',1,'QC'),
	(605,'Bas-St-Laurent-Ouest (Trois-Pistoles)',1,'QC'),
	(606,'Région de ',1,'QC'),
	(607,'Chaudière-Sud (Disraeli)',1,'QC'),
	(608,'Appalaches (La Pocatière)',1,'QC'),
	(609,'Chaudière-Nord (Saint-Joseph-De-Beauce)',1,'QC'),
	(610,'Le Fjord (Forestville)',1,'QC'),
	(611,'Saguenay-Lac-St-Jean (Alouette)',1,'QC'),
	(612,'L\'Erable (Nantes)',1,'QC'),
	(613,'Beauport',1,'QC'),
	(614,'Jean-Talon Southeast',1,'QC'),
	(615,'Charlesbourg South',1,'QC'),
	(616,'Sainte-Foy',1,'QC'),
	(617,'Cap-Rouge',1,'QC'),
	(618,'Loretteville',1,'QC'),
	(619,'L\'Ancienne-Lorette Southwest',1,'QC'),
	(620,'Charlesbourg North',1,'QC'),
	(621,'Jean-Talon',1,'QC'),
	(622,'St-Augustin-De-Desmaures',1,'QC'),
	(623,'Saint-Émile',1,'QC'),
	(624,'Lac-Saint-Charles',1,'QC'),
	(625,'Val-Bélair',1,'QC'),
	(626,'Saint-Raymond',1,'QC'),
	(627,'Sept-Îles Southeast',1,'QC'),
	(628,'Les Îles-De-La-Madeleine',1,'QC'),
	(629,'Sainte-Anne-Des-Monts',1,'QC'),
	(630,'Baie-Comeau Northeast',1,'QC'),
	(631,'Baie-Comeau Southwest',1,'QC'),
	(632,'Degelis',1,'QC'),
	(633,'Lac-Megantic',1,'QC'),
	(634,'Pintendre',1,'QC'),
	(635,'Black Lake',1,'QC'),
	(636,'Saint-Etienne-De-Lauzon',1,'QC'),
	(637,'Saint-Redempteur',1,'QC'),
	(638,'Victoriaville',1,'QC'),
	(639,'Charny',1,'QC'),
	(640,'Saint-Jean-Chrysostome',1,'QC'),
	(641,'Saint-Nicolas',1,'QC'),
	(642,'La Baie',1,'QC'),
	(643,'Chicoutimi',1,'QC'),
	(644,'Laterrière',1,'QC'),
	(645,'Jonquière',1,'QC'),
	(646,'Jonquière West',1,'QC'),
	(647,'Métabetchouan-Lac-a-la-Croix',1,'QC'),
	(648,'Cap-de-la-Madeleine',1,'QC'),
	(649,'Trois-Rivières',1,'QC'),
	(650,'Becancour',1,'QC'),
	(651,'Shawinigan',1,'QC'),
	(652,'Grand-Mère',1,'QC'),
	(653,'Reserved (Santa Claus)',1,'QC'),
	(654,'Akwesasne Region (Akwesasne)',1,'QC'),
	(655,'Pointe-Aux-Trembles',1,'QC'),
	(656,'Rivière-des-Prairies Northeast',1,'QC'),
	(657,'Rivière-Des-Prairies Southwest',1,'QC'),
	(658,'Anjou',1,'QC'),
	(659,'Mercier',1,'QC'),
	(660,'Saint-Léonard',1,'QC'),
	(661,'Rosemont',1,'QC'),
	(662,'Maisonneuve',1,'QC'),
	(663,'Hochelaga',1,'QC'),
	(664,'Saint-Michel West',1,'QC'),
	(665,'Saint-Michel East',1,'QC'),
	(666,'Ahuntsic',1,'QC'),
	(667,'Villeray',1,'QC'),
	(668,'Petite-Patrie',1,'QC'),
	(669,'Plateau Mont-Royal ',1,'QC'),
	(670,'Centre-Sud North',1,'QC'),
	(671,'Centre-Sud South',1,'QC'),
	(672,'Outremont',1,'QC'),
	(673,'Griffintown (Includes Île Notre-Dame & Île Sainte-Hélène)',1,'QC'),
	(674,'L\'Île-Des-Soeurs',1,'QC'),
	(675,'Petite-Bourgogne',1,'QC'),
	(676,'Pointe-Saint-Charles',1,'QC'),
	(677,'Ahuntsic Southwest',1,'QC'),
	(678,'Cartierville Northeast',1,'QC'),
	(679,'Parc-Extension',1,'QC'),
	(680,'Mount Royal ',1,'QC'),
	(681,'Côte-des-Neiges',1,'QC'),
	(682,'Notre-Dame-de-GrÔce',1,'QC'),
	(683,'Saint-Henri',1,'QC'),
	(684,'Ville Émard',1,'QC'),
	(685,'Verdun',1,'QC'),
	(686,'Cartierville',1,'QC'),
	(687,'Saint-Laurent',1,'QC'),
	(688,'Mount Royal South',1,'QC'),
	(689,'Côte-Saint-Luc East',1,'QC'),
	(690,'Dorval Central',1,'QC'),
	(691,'Tour de la Bourse',1,'QC'),
	(692,'Place',1,'QC'),
	(693,'Duvernay-Est',1,'QC'),
	(694,'Saint-Franþois',1,'QC'),
	(695,'Saint-Vincent-de-Paul',1,'QC'),
	(696,'Duvernay',1,'QC'),
	(697,'Pont-Viau',1,'QC'),
	(698,'Auteuil',1,'QC'),
	(699,'Sainte-Rose',1,'QC'),
	(700,'Vimont',1,'QC'),
	(701,'Fabreville',1,'QC'),
	(702,'Chomedey',1,'QC'),
	(703,'Sainte-Dorothée',1,'QC'),
	(704,'Îles-Laval',1,'QC'),
	(705,'LaSalle',1,'QC'),
	(706,'Saint-Pierre',1,'QC'),
	(707,'Lachine',1,'QC'),
	(708,'Roxboro',1,'QC'),
	(709,'Pierrefonds',1,'QC'),
	(710,'Dollard-Des-Ormeaux',1,'QC'),
	(711,'L\'Île Bizard Northeast',1,'QC'),
	(712,'L\'Île-Bizard Southwest',1,'QC'),
	(713,'Sainte-Geneviève',1,'QC'),
	(714,'Senneville',1,'QC'),
	(715,'L\'Île-Dorval',1,'QC'),
	(716,'Sainte-Anne-De-Bellevue',1,'QC'),
	(717,'Estrie-Ouest (Fulford)',1,'QC'),
	(718,'Bois-Francs-Nord (Odanak)',1,'QC'),
	(719,'Bois-Francs-Sud (Saint-Nazaire-D\'Acton)',1,'QC'),
	(720,'Nunavik (Kuujjuaq)',1,'QC'),
	(721,'Région d\'Oka (Oka)',1,'QC'),
	(722,'Vaudreuil-Soulanges (Coteau-du-Lac)',1,'QC'),
	(723,'Lanaudière-Sud (Prévost)',1,'QC'),
	(724,'Laurentides-Sud (Chénéville)',1,'QC'),
	(725,'Outaouais-Nord (Ferme-Neuve)',1,'QC'),
	(726,'Abitibi-Témiscamingue-Est (Radisson)',1,'QC'),
	(727,'Coaticook',1,'QC'),
	(728,'Bromptonville',1,'QC'),
	(729,'Sherbrooke',1,'QC'),
	(730,'Rock Forest',1,'QC'),
	(731,'Saint-Élie-d\'Orford',1,'QC'),
	(732,'Saint-Cyrille-De-Wendover',1,'QC'),
	(733,'Drummondville South',1,'QC'),
	(734,'Saint-Luc',1,'QC'),
	(735,'Beloeil East',1,'QC'),
	(736,'Saint-Basile-Le-Grand',1,'QC'),
	(737,'Sorel',1,'QC'),
	(738,'Saint-Bruno',1,'QC'),
	(739,'Saint-Hubert',1,'QC'),
	(740,'Longueuil',1,'QC'),
	(741,'Saint-Hubert West',1,'QC'),
	(742,'Greenfield Park',1,'QC'),
	(743,'Saint-Sophie',1,'QC'),
	(744,'L\'Assomption',1,'QC'),
	(745,'Joliette',1,'QC'),
	(746,'Sainte-Thérèse-de-Blainville Northeast',1,'QC'),
	(747,'Sainte-Thérèse-de-Blainville',1,'QC'),
	(748,'Mirabel',1,'QC'),
	(749,'La Plaine',1,'QC'),
	(750,'Vaudreuil-Dorion RCM',1,'QC'),
	(751,'Pincourt',1,'QC'),
	(752,'Valleyfield',1,'QC'),
	(753,'Sainte-Agathe-Des-Monts',1,'QC'),
	(754,'Chatham',1,'QC'),
	(755,'Buckingham',1,'QC'),
	(756,'Masson-Angers',1,'QC'),
	(757,'Gatineau',1,'QC'),
	(758,'Hull',1,'QC'),
	(759,'Hull Southwest',1,'QC'),
	(760,'Aylmer',1,'QC'),
	(761,'Rouyn-Noranda',1,'QC'),
	(762,'Yorkton Region (Melville)',1,'SK'),
	(763,'Southeastern Saskatchewan (Carlyle)',1,'SK'),
	(764,'Eastern Saskatchewan (Melfort)',1,'SK'),
	(765,'South Central Saskatchewan (Fort Qu\'Appelle)',1,'SK'),
	(766,'Southern Saskatchewan (Assiniboia)',1,'SK'),
	(767,'Northern Saskatchewan (La Ronge)',1,'SK'),
	(768,'Central Saskatchewan (Humboldt)',1,'SK'),
	(769,'Western Saskatchewan (Kindersley)',1,'SK'),
	(770,'Northwestern Saskatchewan (Battleford)',1,'SK'),
	(771,'Southwestern Saskatchewan (Maple Creek)',1,'SK'),
	(772,'Northeastern Saskatchewan (Creighton)',1,'SK'),
	(773,'Buena Vista',1,'SK'),
	(774,'Yorkton',1,'SK'),
	(775,'Estevan',1,'SK'),
	(776,'Weyburn',1,'SK'),
	(777,'Rm Of Sherwood',1,'SK'),
	(778,'Regina',1,'SK'),
	(779,'Moose Jaw ',1,'SK'),
	(780,'Prince Albert ',1,'SK'),
	(781,'Saskatoon',1,'SK'),
	(782,'North Battleford',1,'SK'),
	(783,'Swift Current',1,'SK'),
	(784,'Lloydminster',1,'SK'),
	(785,'Meadow Lake',1,'SK'),
	(786,'Southeastern Yukon (Watson Lake)',1,'YT'),
	(787,'Central Yukon (Dawson City)',1,'YT'),
	(788,'Whitehorse',1,'YT');
